id_crm;empresa;cnpj;email;telefone;contato;endereco;endereco_atualizado_em;vendedor
C0096;Bar e Petiscaria Litoral;56.123.566/0001-65;nelson.almeida@litoralbar.com.br;41 3250 9201;Nelson Almeida;"RUA CHILE, 2932 - BACACHERI - COLOMBO";2024-05-23;Marcos
C0131;Conveniência Bela Vista;44208231000160;renatapereira27@hotmail.com;(41) 3332-4691;Renata Pereira;"AVENIDA PARANA, 2185 - CRISTO REI - CURITIBA";2026-08-24;Tiago
C0142;Padaria Real Comércio de Alimentos EIRELI;15843547000126;fabionowak26@hotmail.com;(41) 3637-5431;Fábio Nowak;"RUA JOAO NEGRAO, 1915 - JUVEVE - CURITIBA";2024-01-27;Tiago
C0080;Restaurante Sabor da Terra;47.972.096/0001-13;yara@sabordaterrarest.com.br;41 3249 0816;Yara Rocha;"Rua Mateus Leme, 2272 - Rebouças, Curitiba";2024-05-02;Tiago
C0189;Pet Shop Família;55.111.755/0001-55;sergio@familiapet.com.br;4131690143;Sérgio Nowak;"Avenida Sete de Setembro nº 867, Batel (Curitiba)";2024-04-26;Rafaela
C0158;Supermercado São José Distribuição ME;81.904.922/0001-25;yara.gomes@saojosesuperm.com.br;4130474623;Yara Gomes;"Av. Iguaçu 2984, Curitiba";2024-01-16;Patrícia
C0187;Padaria Água Verde Distribuição Ltda;;renatakowalski77@yahoo.com.br;+55 41 33378980;Renata Kowalski;"Rua Desembargador Westphalen, 2151 - Boqueirão, Curitiba";2024-03-01;Rafaela
C0195;Bar e Petiscaria São José;25210468000131;lucas.gomes@saojosebar.net;+55 41 36938066;Lucas Gomes;"Rua Marechal Deodoro nº 1884, Juvevê (Londrina)";2024-03-07;Rafaela
C0012;Supermercado Juvevê;24.194.298/0001-86;diego.costa@juvevesuperm.com.br;4130561054;Diego Costa;"RUA XV DE NOVEMBRO, 160 - MERCES - PONTA GROSSA";2024-04-04;Tiago
C0086;Hortifruti Recanto;;tatiane.oliveira@recantohorti.com.br;41 3755 3984;Tatiane Oliveira;"RUA PADRE ANCHIETA, 1626 - BATEL - ARAUCARIA";2026-08-15;Marcos
C0242;Supermercado Água Verde;60.573.586/0001-05;gabrielaaraujo40@yahoo.com.br;+55 41 37315562;Gabriela Araújo;"Rua Visconde de Guarapuava nº 3909, Mercês (Curitiba)";2024-06-25;Rafaela
C0087;Lanchonete Cristo Rei Comércio de Alimentos Ltda;;sergio@cristoreilanch.com.br;4134609419;Sérgio Souza;"Rua Brigadeiro Franco nº 455, Água Verde (Araucária)";2024-06-09;Patrícia
C0253;Drogaria Paraíso;97034697000153;fabio.almeida@paraisodrog.com.br;41 3660 6146;Fábio Almeida;"R. das Flores 2977, Curitiba";2024-06-25;Rafaela
C0105;Pet Shop Recanto Serviços Ltda;13.079.773/0001-57;nelson@recantopet.com.br;41 3565 2651;Nelson Silva;"R. Mateus Leme 1762, Curitiba";2024-02-03;Marcos
C0075;Empório Batel;33.008.327/0001-69;gabriela.ribeiro@batelemp.com.br;+55 41 34547414;Gabriela Ribeiro;"RUA EMILIANO PERNETA, 1472 - CRISTO REI - CASCAVEL";2024-01-27;Rafaela
C0144;Supermercado Rio Branco;56.482.829/0001-22;henrique.araujo@riobrancosuperm.com.br;41 3028 7489;Henrique Araújo;"Rua Padre Anchieta, 664 - Água Verde, Curitiba";2024-01-22;Marcos
C0157;Açougue Água Verde Distribuição Ltda;21587456000170;joao.zanetti@aguaverdeacoug.net;+55 41 31529012;João Zanetti;"RUA DESEMBARGADOR WESTPHALEN, 1643 - CRISTO REI - CASCAVEL";2024-01-19;Rafaela
C0116;Mercado Bom Gosto;33887765000144;joao.oliveira@bomgostomerc.net;4132994235;João Oliveira;"Rua Marechal Deodoro nº 1988, Juvevê (Maringá)";2024-06-23;Patrícia
C0093;Restaurante Pilarzinho Serviços Ltda;18.632.541/0001-06;paulo@pilarzinhorest.com.br;41 3062 3347;Paulo Araújo;"Rua Chile, 785 - Rebouças, Colombo";2024-05-08;Tiago
C0164;Açougue Litoral Serviços Ltda EPP;64.215.878/0001-27;diego@litoralacoug.net;(41) 3051-4860;Diego Souza;"Avenida Comendador Franco, 935 - Bacacheri, Araucária";2024-02-24;Rafaela
C0207;Drogaria Três Marias;88597912000133;mariana@tresmariasdrog.net;4136097007;Mariana Souza;"R. Brigadeiro Franco 1591, Curitiba";2026-09-15;Tiago
C0098;Padaria Portão;99903629000109;mariana.souza@portaopad.com.br;4131716995;Mariana Souza;"Avenida Iguaçu, 1940 - Portão, Ponta Grossa";2024-04-09;Tiago
C0039;Lanchonete Vale do Sol Ltda;;karina.gomes@valedosollanch.net;4139091767;Karina Gomes;"Rua Padre Anchieta nº 1376, Cristo Rei (Cascavel)";2024-06-06;Patrícia
C0231;Lanchonete São Braz;12855007000174;mariana.rocha@saobrazlancharaucaria.com.br;41 3995 2027;Mariana Rocha;"Rua Desembargador Westphalen, 1361 - Mercês, Araucária";2024-03-23;Rafaela
C0036;Conveniência Nova Era;24.529.971/0001-91;diegonowak9@hotmail.com;+55 41 33023967;Diego Nowak;"Rua Padre Anchieta, 795 - Cristo Rei, Cascavel";2024-05-08;Patrícia
C0171;Supermercado Serra Verde ME;93.926.004/0001-86;bruno@serraverdesuperm.com.br;4136591924;Bruno Oliveira;"Rua XV de Novembro nº 2420, Água Verde (Curitiba)";2024-03-21;Patrícia
C0129;LANCH Bacacheri;;renata.rodrigues@bacacherilanch.com.br;+55 41 32321162;Renata Rodrigues;"AVENIDA PARANA, 132 - BACACHERI - CURITIBA";2024-06-27;Marcos
C0234;Mercado Sabor da Terra Serviços ME;50.012.751/0001-04;karina.lima@sabordaterramercpontagrossa.com.br;+55 41 32195075;Karina Lima;"RUA MATEUS LEME, 1658 - MERCES - PONTA GROSSA";2024-04-24;Patrícia
C0150;Conveniência Campo Largo Comércio de Alimentos Ltda EPP;61.533.176/0001-01;vinicius.ribeiro@campolargoconv.com.br;+55 41 36774262;Vinícius Ribeiro;"Avenida Paraná nº 3771, Batel (Colombo)";2024-02-18;Marcos
C0029;Pet Shop Ponto Certo Comércio EIRELI;60446508000140;wagner@pontocertopet.net;4130530924;Wagner Zanetti;"R. Itupava 2182, Curitiba";2024-02-19;Patrícia
C0128;Lanchonete Bacacheri Comércio Ltda;91009261000128;renata.rodrigues@bacacherilanch.com.br;41 3232 1162;Renata Rodrigues;"Avenida Paraná nº 132, Bacacheri (Curitiba)";2024-01-23;Rafaela
C0060;Restaurante Campo Largo;94.799.581/0001-17;karina.martins@campolargorest.net;41 3752 1783;Karina Martins;"Av. Brasil 1992, Cascavel";2024-05-20;Marcos
C0255;Pet Shop Serra Verde;63749608000133;isabela@serraverdepet.com.br;41 3317 4604;Isabela Almeida;"Avenida Getúlio Vargas, 278 - Portão, Curitiba";2024-04-09;Tiago
C0099;Empório Juvevê Ltda;80.691.963/0001-18;nelson@juveveemp.com.br;4131394208;Nelson Ribeiro;"Rua Chile nº 1002, Centro (Curitiba)";2024-02-24;Patrícia
C0008;Pousada São Braz;51461017000187;isabelaalmeida19@outlook.com;41 3343 8302;Isabela Almeida;"Av. Brasil 1290, Cascavel";2024-04-08;Marcos
C0123;Empório Real;38.012.442/0001-20;elisa.costa@realemp.com.br;+55 41 36324248;Elisa Costa;"Rua Mateus Leme, 2079 - Boqueirão, Pinhais";2024-03-20;Marcos
C0215;Conveniência Ahú Ltda EPP;38058691000157;lucaslima69@yahoo.com.br;(41) 3071-4414;Lucas Lima;"Rua Engenheiros Rebouças nº 2912, Centro (Maringá)";2024-04-12;Marcos
C0199;Restaurante Vitória;32.657.302/0001-23;karina@vitoriarest.net;+55 41 39718238;Karina Oliveira;"Rua Itupava nº 2677, Rebouças (Pinhais)";2026-07-09;Patrícia
C0228;Drogaria Primavera Serviços Ltda;34.646.142/0001-42;joao.kowalski@primaveradrog.com.br;+55 41 38397836;João Kowalski;"Rua Chile nº 1570, Juvevê (Araucária)";2026-04-28;Rafaela
C0154;Hortifruti Ponto Certo;92.061.158/0001-90;fabio@pontocertohorti.com.br;(41) 3753-3458;Fábio Costa;"Rua Mateus Leme nº 2693, Bacacheri (Curitiba)";2024-02-23;Patrícia
C0044;Farmácia Litoral Comércio de Alimentos ME;90815424000105;tatianebortolini22@hotmail.com;4137261491;Tatiane Bortolini;"Avenida Paraná, 2575 - Rebouças, Curitiba";2024-04-26;Rafaela
C0185;Supermercado Iguaçu ME;78.898.717/0001-56;fabioalmeida34@outlook.com;+55 41 39289138;Fábio Almeida;"Avenida Getúlio Vargas, 2881 - Rebouças, Curitiba";2024-06-28;Rafaela
C0166;Pet Shop Cruzeiro EIRELI;61103150000115;olivia@cruzeiropet.com.br;4132055315;Olívia Almeida;"Avenida Comendador Franco nº 496, Bacacheri (Curitiba)";2024-05-08;Patrícia
C0182;Padaria Família;79248914000126;tatiane@familiapad.com.br;41 3148 3622;Tatiane Araújo;"Rua Desembargador Westphalen, 2056 - Rebouças, Joinville";2024-04-14;Patrícia
C0152;Açougue Ponto Certo Distribuição EIRELI;65.893.366/0001-82;henriquecosta92@yahoo.com.br;+55 41 39075338;Henrique Costa;"R. Chile 3377, Araucária";2026-08-06;Rafaela
C0225;Pet Shop Real Comércio Ltda EPP;93.886.564/0001-54;tatianesilva12@gmail.com;41 3130 2140;Tatiane Silva;"Av. Comendador Franco 1818, Joinville";2024-06-21;Rafaela
C0019;Supermercado Ponto Certo;66258453000120;henriquerocha25@hotmail.com;(41) 3415-3433;Henrique Rocha;"AVENIDA SETE DE SETEMBRO, 3100 - BATEL - PONTA GROSSA";2024-06-19;Tiago
C0203;Mercado Serra Verde;20.142.013/0001-02;anazanetti94@gmail.com;+55 41 35188222;Ana Zanetti;"Rua Desembargador Westphalen, 3205 - Portão, São José dos Pinhais";2024-06-16;Rafaela
C0211;Bacacheri;;tatianearaujo88@yahoo.com.br;4136328091;Tatiane Araújo;"Rua Marechal Deodoro nº 3219, Cristo Rei (Curitiba)";2024-04-17;Rafaela
C0082;Supermercado Bom Preço Serviços EIRELI;62.737.086/0004-97;henrique@bomprecosuperm.net;4132754750;Henrique Fernandes;"RUA PADRE ANCHIETA, 2137 - CRISTO REI - PINHAIS";2024-02-17;Patrícia
C0190;Lanchonete Boa Esperança;;ana@boaesperancalanch.net;41 3845 5870;Ana Araújo;"Avenida Getúlio Vargas nº 3489, Mercês (Maringá)";2024-03-14;Marcos
C0221;Supermercado Cruzeiro;19.239.274/0001-66;diego@cruzeirosuperm.net;(41) 3510-0873;Diego Nowak;"Rua Desembargador Westphalen nº 2028, Batel (Curitiba)";2024-06-12;Rafaela
C0202;Lanchonete Recanto;;mariana@recantolanch.com.br;+55 41 34723920;Mariana Martins;"R. das Flores 3943, Curitiba";2024-02-06;Tiago
C0244;Açougue Iguaçu;22.751.766/0001-40;fabiorodrigues6@outlook.com;(41) 3696-8565;Fábio Rodrigues;"Avenida Iguaçu, 2866 - Batel, Ponta Grossa";2024-04-14;Patrícia
C0020;Hortifruti Vale do Sol;11.797.309/0001-70;carla@valedosolhorti.com.br;(41) 3988-5280;Carla Zanetti;"Avenida Iguaçu, 558 - Rebouças, Colombo";2024-01-17;Tiago
C0055;Vitória;52.725.517/0001-41;sergiooliveira51@yahoo.com.br;41 3511 0411;Sérgio Oliveira;"AVENIDA SETE DE SETEMBRO, 2276 - JUVEVE - PONTA GROSSA";2024-03-28;Marcos
C0177;Açougue Araucária;18.268.929/0001-61;ana.araujo@araucariaacoug.com.br;+55 41 38977928;Ana Araújo;"Avenida República Argentina, 2732 - Bacacheri, Londrina";2026-08-11;Tiago
C0126;Pet Shop Pinheiral;23.130.381/0001-29;sergio@pinheiralpet.com.br;(41) 3884-6840;Sérgio Oliveira;"Rua Mateus Leme, 3845 - Bacacheri, Curitiba";2026-07-02;Marcos
C0246;Farmácia Monte Alegre Comércio de Alimentos S/A;77.434.781/0001-57;wagner.bortolini@montealegrefarmcuritiba.com.br;(41) 3277-2291;Wagner Bortolini;"Avenida Paraná nº 1797, Portão (Curitiba)";2026-06-16;Tiago
C0081;RESTAURANTE SABOR DA TERRA;47.972.096/0001-13;wagner.souza@sabordaterrarest.com.br;(41) 3249-0816;Wagner Souza;"RUA MATEUS LEME, 2272 - REBOUCAS - CURITIBA";2024-03-13;Tiago
C0145;Farmácia Araucária;41.052.804/0001-11;ana@araucariafarm.net;(41) 3753-6931;Ana Costa;"Avenida República Argentina, 1457 - Centro, Pinhais";2024-05-11;Tiago
C0032;Restaurante Litoral;99.460.159/0001-56;vinicius.martins@litoralrest.net;41 3814 3982;Vinícius Martins;"Avenida Brasil nº 749, Portão (Colombo)";2024-04-14;Marcos
C0140;Pousada Imperial;82557553000104;ana.gomes@imperialpous.net;(41) 3730-9925;Ana Gomes;"Rua XV de Novembro nº 711, Juvevê (Curitiba)";2024-02-02;Rafaela
C0037;Farmácia Boa Esperança;98883803000136;carla@boaesperancafarm.com.br;41 3587 4243;Carla Bortolini;"Avenida Comendador Franco nº 167, Rebouças (Joinville)";2024-02-27;Marcos
C0151;Drogaria Campo Largo Distribuição Ltda EPP;24091899000163;fabio@campolargodrog.com.br;4133145643;Fábio Araújo;"Rua Mateus Leme, 2785 - Batel, Joinville";2024-05-28;Rafaela
C0216;Pousada Campo Largo;42.819.629/0001-08;gabriela.bortolini@campolargopous.net;(41) 3841-3506;Gabriela Bortolini;"Rua das Flores nº 3335, Bacacheri (Ponta Grossa)";2024-05-12;Patrícia
C0214;Pousada Boqueirão Ltda EPP;86.847.881/0001-04;karina@boqueiraopous.com.br;+55 41 38482727;Karina Rocha;"R. Emiliano Perneta 95, São José dos Pinhais";2024-03-16;Rafaela
C0250;Drogaria Real Distribuição Ltda;61.187.574/0001-90;diego@realdrogcuritiba.com.br;4133554601;Diego Nowak;"R. Engenheiros Rebouças 3110, Curitiba";2024-01-06;Marcos
C0088;Pet Shop São Braz;31.487.508/0001-90;joao.rocha@saobrazpet.com.br;(41) 3468-7694;João Rocha;"Rua Marechal Deodoro, 3045 - Boqueirão, São José dos Pinhais";2024-01-12;Tiago
C0035;Supermercado Ahú Comércio de Alimentos Ltda EPP;99135799000190;karinagomes30@yahoo.com.br;41 3196 9316;Karina Gomes;"Rua Chile, 1595 - Juvevê, Londrina";2024-06-04;Tiago
C0260;Hortifruti Estrela Joinville;80232850000235;ana.gomes@estrelahorti.com.br;+55 41 33630491;Ana Gomes;"Rua Brigadeiro Franco nº 1578, Água Verde (Joinville)";2026-08-08;Rafaela
C0237;Farmácia Rio Branco;21839517000149;joao.costa@riobrancofarm.com.br;+55 41 31720347;João Costa;"Avenida Sete de Setembro, 2803 - Boqueirão, Colombo";2024-03-15;Patrícia
C0027;Pousada Bom Gosto;96.205.928/0001-81;vinicius@bomgostopous.net;4138097524;Vinícius Lima;"Rua Chile nº 2266, Mercês (Colombo)";2024-01-08;Tiago
C0264;Farmácia Vale do Sol Comércio Ltda;27.078.225/0002-06;nelson@valedosolfarm.com.br;4133205572;Nelson Almeida;"R. das Flores 3558, Cascavel";2024-06-06;Rafaela
C0184;Pousada Jardim;;tatianebortolini93@yahoo.com.br;+55 41 33810017;Tatiane Bortolini;"Rua Padre Anchieta nº 2440, Água Verde (Araucária)";2024-06-01;Patrícia
C0217;Conveniência Ponto Certo Ltda;;renata.martins@pontocertoconv.net;41 3617 6907;Renata Martins;"R. Visconde de Guarapuava 2007, Joinville";2024-03-24;Tiago
C0024;Drogaria Sabor da Terra;24.676.981/0001-50;joaomartins95@gmail.com;4132710581;João Martins;"R. João Negrão 3687, Cascavel";2024-04-12;Tiago
C0193;Drogaria Vale do Sol Comércio EIRELI;;fabiosouza4@gmail.com;4136288023;Fábio Souza;"Avenida Paraná nº 2460, Rebouças (Curitiba)";2024-04-27;Rafaela
C0143;Bar e Petiscaria Imperial;44293793000150;olivia@imperialbar.net;4130711064;Olívia Kowalski;"Avenida Comendador Franco, 1519 - Mercês, Londrina";2024-02-04;Tiago
C0200;Pousada Rio Branco;79.962.023/0001-37;renata@riobrancopous.com.br;+55 41 38616047;Renata Martins;"Rua Mateus Leme, 2862 - Água Verde, Ponta Grossa";2024-01-05;Marcos
C0148;Drogaria Bela Vista;91.794.100/0601-92;tatianearaujo96@yahoo.com.br;4132935206;Tatiane Araújo;"Avenida Sete de Setembro, 2360 - Boqueirão, Curitiba";2024-01-14;Marcos
C0156;Conveniência Batel Serviços S/A;;isabela.almeida@batelconv.com.br;4138154382;Isabela Almeida;"Rua XV de Novembro nº 2720, Portão (Curitiba)";2024-05-02;Tiago
C0038;Restaurante Santa Rita;34985942000198;tatiane.costa@santaritarest.net;(41) 3691-1520;Tatiane Costa;"R. XV de Novembro 2211, Araucária";2024-05-14;Marcos
C0011;Bar e Petiscaria Recanto;;tatiane@recantobar.com.br;41 3513 6083;Tatiane Costa;"Av. Iguaçu 2630, Londrina";2024-01-01;Marcos
C0229;Drogaria Primavera;35.845.805/0001-10;mariana.fernandes@primaveradrogcolombo.com.br;+55 41 35952633;Mariana Fernandes;"RUA BRIGADEIRO FRANCO, 2547 - CRISTO REI - COLOMBO";2024-01-18;Rafaela
C0130;Restaurante Mercês Comércio de Alimentos EIRELI;68890954000150;elisa@mercesrest.net;4131937123;Elisa Souza;"Avenida Sete de Setembro nº 813, Cristo Rei (Pinhais)";2024-06-15;Tiago
C0173;Farmácia Paraíso;28.511.507/0001-29;paulozanetti15@hotmail.com;(41) 3480-4229;Paulo Zanetti;"RUA VISCONDE DE GUARAPUAVA, 2826 - BATEL - CURITIBA";2024-06-12;Patrícia
C0040;Açougue Paraíso;10.277.812/0001-32;tatiane.costa@paraisoacoug.net;+55 41 33192970;Tatiane Costa;"R. XV de Novembro 1165, Curitiba";2024-02-09;Patrícia
C0108;Pousada Estrela;57.058.126/0001-34;yara@estrelapous.com.br;4133290237;Yara Almeida;"Av. Brasil 1089, Curitiba";2024-06-23;Tiago
C0136;Bar e Petiscaria Mercês;23.807.944/0001-70;ana.pereira@mercesbar.net;(41) 3920-9167;Ana Pereira;"Av. República Argentina 453, Joinville";2024-02-08;Patrícia
C0165;Açougue Litoral;64.215.878/0001-27;diego@litoralacoug.net;(41) 3051-4860;Diego Souza;"Avenida Comendador Franco nº 935, Bacacheri (Araucária)";2024-06-19;Tiago
C0051;Restaurante Santa Clra;;fabiorodrigues67@hotmail.com;+55 41 33596382;Fábio Rodrigues;"RUA VISCONDE DE GUARAPUAVA, 2619 - JUVEVE - CURITIBA";2024-06-21;Patrícia
C0043;Mercado Bela Vista;;yara@belavistamerc.com.br;+55 41 33753242;Yara Kowalski;"AVENIDA IGUACU, 1056 - PORTAO - COLOMBO";2024-02-24;Tiago
C0025;Pousada Cristo Rei Comércio de Alimentos Ltda;99.244.820/0001-96;gabrielacosta90@gmail.com;4138246362;Gabriela Costa;"Avenida Paraná, 1916 - Portão, Curitiba";2026-09-21;Patrícia
C0018;Mercado Portão;;ana.nowak@portaomerc.net;(41) 3099-6881;Ana Nowak;"AVENIDA IGUACU, 2557 - CENTRO - ARAUCARIA";2024-03-11;Patrícia
C0090;Farmácia Serra Verde;69.300.287/0001-71;ana@serraverdefarm.com.br;41 3399 2964;Ana Pereira;"Av. Getúlio Vargas 731, Londrina";2024-01-08;Marcos
C0059;Pet Shop Monte Alegre;;wagner@montealegrepet.com.br;4135953638;Wagner Araújo;"Rua Emiliano Perneta nº 900, Água Verde (Pinhais)";2024-01-01;Tiago
C0061;Supermercado Pilarzinho;12.759.637/0001-45;mariana@pilarzinhosuperm.com.br;41 3136 1360;Mariana Araújo;"R. Emiliano Perneta 3080, Maringá";2024-03-03;Rafaela
C0112;Drogaria Rio Branco;70996437000102;sergioalmeida42@outlook.com;41 3722 8742;Sérgio Almeida;"Rua Chile nº 1802, Batel (Araucária)";2024-04-27;Patrícia
C0030;Pet Shop Pão Quente Serviços S/A;73.460.256/0001-55;nelson.rocha@paoquentepet.com.br;+55 41 37951178;Nelson Rocha;"RUA EMILIANO PERNETA, 3738 - AGUA VERDE - PINHAIS";2024-05-26;Patrícia
C0179;drogaria central;36.995.506/0001-25;tatianecarvalho51@yahoo.com.br;(41) 3938-6111;Tatiane Carvalho;"Av. Sete de Setembro 1437, São José dos Pinhais";2024-06-19;Rafaela
C0263;Farmácia Vale do Sol Comércio Ltda;27078225000117;olivia.pereira@valedosolfarm.com.br;+55 41 35485183;Olívia Pereira;"Avenida Brasil nº 1154, Juvevê (Curitiba)";2024-04-23;Patrícia
C0227;Pet Shop Real Ltda;10.870.986/0001-04;wagnermartins49@yahoo.com.br;41 3570 3837;Wagner Martins;"Avenida Getúlio Vargas nº 1058, Boqueirão (Curitiba)";2024-01-06;Marcos
C0091;Pousada Mercês;26.881.113/0001-37;tatianebortolini3@yahoo.com.br;(41) 3603-8271;Tatiane Bortolini;"Rua Engenheiros Rebouças nº 1076, Juvevê (Curitiba)";2024-01-11;Patrícia
C0062;Restaurante Monte Alegre;24.119.332/0001-58;bruno@montealegrerest.com.br;(41) 3727-2750;Bruno Almeida;"Av. Getúlio Vargas 1539, Ponta Grossa";2024-02-09;Patrícia
C0213;Supermercado Novo Horizonte Distribuição S/A;32.231.517/0001-88;nelsonkowalski2@outlook.com;41 3172 2446;Nelson Kowalski;"Avenida Iguaçu nº 731, Bacacheri (Ponta Grossa)";2024-02-25;Tiago
C0042;Bar e Petiscaria Iguaçu;68.495.500/0031-85;oliviaoliveira15@yahoo.com.br;(41) 3917-3162;Olívia Oliveira;"Rua Marechal Deodoro, 298 - Cristo Rei, Curitiba";2024-06-24;Rafaela
C0249;Drogaria Real S/A;59122925000158;paulo.rodrigues@realdrog.net;+55 41 31657278;Paulo Rodrigues;"Avenida República Argentina nº 323, Centro (São José dos Pinhais)";2024-04-22;Tiago
C0256;Pet Shop Serra Verde Pinhais;63.749.608/0002-14;yara.zanetti@serraverdepet.com.br;(41) 3258-2490;Yara Zanetti;"Av. Sete de Setembro 3128, Pinhais";2024-04-14;Patrícia
C0089;Hortifruti Tarumã Serviços EIRELI;;carla.nascimento@tarumahorti.net;+55 41 35980871;Carla Nascimento;"RUA ITUPAVA, 1450 - PORTAO - ARAUCARIA";2024-06-15;Patrícia
C0101;Supermercado Boa Esperança;51.567.333/0002-38;oliviabortolini8@outlook.com;(41) 3869-6505;Olívia Bortolini;"Rua Brigadeiro Franco nº 873, Rebouças (Maringá)";2024-05-26;Tiago
C0222;Cruzeiro;19.239.274/0001-66;diego@cruzeirosuperm.net;41 3510 0873;Diego Nowak;"RUA DESEMBARGADOR WESTPHALEN, 2028 - BATEL - CURITIBA";2024-04-24;Rafaela
C0121;Farmácia São José;80.116.111/0001-05;carlaalmeida6@gmail.com;4138511064;Carla Almeida;"Rua João Negrão, 1752 - Cristo Rei, Pinhais";2024-04-14;Patrícia
C0050;Restaurante Santa Clara Distribuição Ltda;86.555.654/0001-05;nelsonsouza28@hotmail.com;4133596382;Nelson Souza;"R. Visconde de Guarapuava 2619, Curitiba";2024-01-26;Rafaela
C0149;Empório Ouro Verde Comércio de Alimentos ME;68.291.485/0001-53;mariana.rocha@ouroverdeemp.net;+55 41 38913571;Mariana Rocha;"Rua Emiliano Perneta nº 3429, Juvevê (Pinhais)";2024-06-25;Tiago
C0110;Restaurante Família;19.946.310/0001-21;bruno.bortolini@familiarest.net;4132212088;Bruno Bortolini;"R. Visconde de Guarapuava 3723, Londrina";2026-06-10;Rafaela
C0103;Pet Shop Central;22.517.195/0001-84;renata.bortolini@centralpet.com.br;4135121288;Renata Bortolini;"Avenida Getúlio Vargas nº 3861, Juvevê (Joinville)";2024-04-08;Rafaela
C0220;Supermercado Batel;33.706.727/0001-48;gabriela.rodrigues@batelsuperm.com.br;41 3324 3330;Gabriela Rodrigues;"RUA ITUPAVA, 3615 - CRISTO REI - SAO JOSE DOS PINHAIS";2024-04-05;Rafaela
C0160;Hortifruti Água Verde;25655414000180;ana@aguaverdehorti.com.br;4132053072;Ana Araújo;"RUA MARECHAL DEODORO, 1845 - REBOUCAS - ARAUCARIA";2024-01-06;Rafaela
C0102;Mercado Cristo Rei Distribuição EIRELI;21.983.308/0001-74;wagner@cristoreimerc.net;(41) 3356-8491;Wagner Lima;"Rua Engenheiros Rebouças nº 678, Bacacheri (Ponta Grossa)";2024-02-28;Patrícia
C0134;Mercado Pinheiral Comércio de Alimentos Ltda;30804227000150;isabela@pinheiralmerc.com.br;41 3072 5706;Isabela Carvalho;"Rua XV de Novembro nº 1746, Batel (Araucária)";2024-01-16;Tiago
C0204;Mercado Serr aVerde;;marianagomes69@hotmail.com;+55 41 35188222;Mariana Gomes;"R. Desembargador Westphalen 3205, São José dos Pinhais";2024-01-05;Rafaela
C0139;Pousada Aurora;84.617.188/0001-01;gabrielapereira70@yahoo.com.br;41 3189 0806;Gabriela Pereira;"R. Chile 150, Araucária";2024-02-18;Marcos
C0107;Empório Tarumã Serviços ME;96.702.924/0001-09;joao.nowak@tarumaemp.net;(41) 3108-5122;João Nowak;"Avenida Brasil nº 1826, Boqueirão (Curitiba)";2024-05-06;Rafaela
C0186;Restaurante Ponto Certo;;diego@pontocertorest.com.br;(41) 3652-0387;Diego Pereira;"Rua Chile nº 555, Rebouças (São José dos Pinhais)";2024-02-18;Rafaela
C0094;Lanchonete Litoral;37.870.681/0001-59;karina@litorallanch.com.br;+55 41 38772920;Karina Silva;"R. Visconde de Guarapuava 1427, Londrina";2024-02-21;Patrícia
C0005;Bar e Petiscaria Girassol;;vinicius@girassolbar.com.br;4132887886;Vinícius Kowalski;"Avenida Getúlio Vargas, 3980 - Centro, São José dos Pinhais";2024-02-06;Tiago
C0095;Pet Shop Vale do Sol Serviços Ltda;;isabela.araujo@valedosolpet.com.br;41 3094 1190;Isabela Araújo;"Rua Desembargador Westphalen nº 1097, Mercês (Curitiba)";2024-05-13;Tiago
C0146;Bar e Petiscaria Bom Preço;94.486.898/0001-01;henriquealmeida6@outlook.com;+55 41 39190760;Henrique Almeida;"Rua das Flores nº 3871, Mercês (Colombo)";2024-04-13;Patrícia
C0010;Farmácia Aurora;41841789000190;fabio.rocha@aurorafarm.com.br;+55 41 32485007;Fábio Rocha;"Rua Emiliano Perneta nº 2521, Batel (Curitiba)";2024-06-16;Patrícia
C0218;Açougue Vale do Sol Serviços ME;;joaorocha56@outlook.com;4130797315;João Rocha;"R. Brigadeiro Franco 2013, São José dos Pinhais";2024-06-10;Tiago
C0124;Açougue Bom Preço;68.586.903/0001-30;elisa@bomprecoacoug.com.br;+55 41 31824276;Elisa Zanetti;"Avenida Paraná, 1736 - Água Verde, Colombo";2026-09-22;Rafaela
C0033;Farmácia Recanto;21.831.067/0001-48;renatasouza45@yahoo.com.br;(41) 3233-3015;Renata Souza;"Rua Emiliano Perneta, 2859 - Centro, Joinville";2024-03-15;Patrícia
C0109;Hortifruti Campo Largo;;carla@campolargohorti.com.br;(41) 3036-8053;Carla Carvalho;"RUA VISCONDE DE GUARAPUAVA, 3905 - PORTAO - CURITIBA";2024-04-25;Tiago
C0239;Lanchonete Ouro Verde;61.105.905/0001-10;carla@ouroverdelanch.com.br;4136612154;Carla Rodrigues;"AVENIDA REPUBLICA ARGENTINA, 441 - CENTRO - COLOMBO";2024-04-23;Patrícia
C0132;Açougue Cristo Rei Comércio Ltda EPP;;fabiofernandes85@gmail.com;+55 41 33714387;Fábio Fernandes;"R. João Negrão 1134, Ponta Grossa";2024-03-03;Marcos
C0046;Empório Família;;vinicius@familiaemp.com.br;4136024179;Vinícius Silva;"Rua XV de Novembro nº 444, Centro (Colombo)";2026-09-03;Rafaela
C0163;Restaurante Nova Era;;fabio.carvalho@novaerarest.net;(41) 3333-3399;Fábio Carvalho;"Avenida Paraná nº 3154, Cristo Rei (Joinville)";2024-04-08;Tiago
C0063;Bar e Petiscaria Ouro Verde Comércio S/A;;wagner@ouroverdebar.com.br;(41) 3999-2975;Wagner Araújo;"Rua Itupava nº 2365, Mercês (Londrina)";2024-05-10;Rafaela
C0238;Farmácia Rio Branco;56439068000126;viniciussilva60@hotmail.com;(41) 3303-8180;Vinícius Silva;"AVENIDA SETE DE SETEMBRO, 2644 - BOQUEIRAO - JOINVILLE";2024-04-01;Marcos
C0219;Farmácia Imperial;81.071.880/0001-99;fabiosilva57@gmail.com;(41) 3678-1063;Fábio Silva;"Rua XV de Novembro, 3220 - Mercês, Curitiba";2024-03-24;Tiago
C0258;Hortifruti Estrela;80.232.850/0001-54;olivia@estrelahorti.com.br;+55 41 34589677;Olívia Costa;"AVENIDA PARANA, 683 - BOQUEIRAO - CURITIBA";2024-01-17;Patrícia
C0015;Pet Shop Estrela;82758355000109;gabrielacarvalho68@gmail.com;4135687691;Gabriela Carvalho;"AVENIDA GETULIO VARGAS, 3174 - AGUA VERDE - PINHAIS";2024-03-15;Patrícia
C0021;Supermercado Dois Irmãos;64.744.954/0001-36;isabela.zanetti@doisirmaossuperm.com.br;41 3195 8648;Isabela Zanetti;"Rua Visconde de Guarapuava nº 2223, Bacacheri (São José dos Pinhais)";2024-04-09;Patrícia
C0241;Supermercado Água Verde Distribuição Ltda EPP;45.486.735/0001-05;olivia.martins@aguaverdesuperm.net;4137554455;Olívia Martins;"Rua Marechal Deodoro, 2244 - Mercês, Araucária";2024-01-11;Tiago
C0106;Pet Shop Rio Branco;28.357.261/0001-82;carla@riobrancopet.com.br;+55 41 39704551;Carla Nowak;"Avenida Brasil, 3569 - Centro, Pinhais";2024-03-03;Marcos
C0056;Restaurante Rio Branco;73.465.487/0001-76;renatarocha42@yahoo.com.br;4131198128;Renata Rocha;"Rua Padre Anchieta nº 347, Batel (Joinville)";2024-03-12;Marcos
C0016;Drogaria Vitória Comércio de Alimentos ME;60.781.731/0001-43;mariana@vitoriadrog.com.br;4136983848;Mariana Ribeiro;"Rua Chile, 65 - Bacacheri, Londrina";2024-04-17;Marcos
C0135;Hortifruti Boa Esperança;;gabrielafernandes76@outlook.com;4137162059;Gabriela Fernandes;"Rua Marechal Deodoro nº 2897, Rebouças (Curitiba)";2024-02-01;Marcos
C0002;Restaurante Cristo Rei Distribuição Ltda;79.946.142/0001-04;tatianekowalski24@yahoo.com.br;41 3270 5397;Tatiane Kowalski;"Avenida República Argentina nº 1927, Mercês (Colombo)";2024-03-15;Marcos
C0085;Drogaria São José;;diego.kowalski@saojosedrog.net;41 3637 2876;Diego Kowalski;"Avenida Getúlio Vargas, 2385 - Boqueirão, Araucária";2024-06-28;Patrícia
C0212;Lanchonete Primavera;53.390.223/0001-79;sergio@primaveralanch.com.br;4137927008;Sérgio Zanetti;"Rua João Negrão nº 3178, Bacacheri (Curitiba)";2024-01-26;Patrícia
C0041;Lanchonete Nova Era;;karina@novaeralanch.net;4130355295;Karina Ribeiro;"Rua Engenheiros Rebouças, 910 - Boqueirão, Ponta Grossa";2024-02-07;Marcos
C0210;Supermercado Bacacheri;23.919.027/0001-88;tatianearaujo88@yahoo.com.br;(41) 3632-8091;Tatiane Araújo;"RUA DESEMBARGADOR WESTPHALEN, 3222 - CENTRO - CURITIBA";2026-06-05;Tiago
C0004;Padaria Sabor da Terra Distribuição EIRELI;59.511.268/0001-30;lucas@sabordaterrapad.com.br;4137702895;Lucas Fernandes;"Avenida Brasil, 2947 - Água Verde, Cascavel";2024-03-12;Rafaela
C0057;Empório Dois Irmãos;78.884.427/0001-97;gabriela@doisirmaosemp.com.br;(41) 3625-1863;Gabriela Rocha;"Avenida Paraná nº 1456, Batel (Colombo)";2026-09-26;Tiago
C0077;Lanchonete Araucária;13.808.612/0001-57;paulolima22@hotmail.com;41 3454 2624;Paulo Lima;"Rua Brigadeiro Franco nº 2104, Batel (Londrina)";2024-05-22;Marcos
C0047;Restaurante Bela Vista Serviços Ltda;96.922.503/0001-93;henriquecosta25@gmail.com;4137007199;Henrique Costa;"R. XV de Novembro 2366, Araucária";2024-01-24;Patrícia
C0064;Supermercado Pão Quente Comércio ME;47.571.476/0001-78;carla.almeida@paoquentesuperm.net;+55 41 34407957;Carla Almeida;"RUA PADRE ANCHIETA, 2563 - REBOUCAS - PINHAIS";2024-05-10;Patrícia
C0153;Lanchonete Bom Gosto Comércio ME;93432340000172;tatianesouza78@outlook.com;41 3104 2688;Tatiane Souza;"Rua Engenheiros Rebouças, 166 - Portão, Araucária";2024-05-16;Patrícia
C0176;Conveniência São Braz;;paulo@saobrazconv.com.br;4137239673;Paulo Carvalho;"RUA MARECHAL DEODORO, 2814 - CRISTO REI - SAO JOSE DOS PINHAIS";2024-03-11;Tiago
C0009;Supermercado Araucária;30.023.134/0001-99;isabela.almeida@araucariasuperm.net;+55 41 38071773;Isabela Almeida;"R. Engenheiros Rebouças 319, Araucária";2026-07-17;Patrícia
C0031;Mercado Cruzeiro;65.753.373/0001-89;diegonowak25@gmail.com;41 3475 3149;Diego Nowak;"Rua Marechal Deodoro, 3053 - Mercês, Curitiba";2024-05-27;Tiago
C0137;Lanchonete Tarumã ME;64736494000150;lucas.gomes@tarumalanch.com.br;+55 41 37867222;Lucas Gomes;"Rua Engenheiros Rebouças nº 699, Rebouças (Colombo)";2024-01-02;Marcos
C0067;Supermercado Família Distribuição EIRELI;;renatanowak98@outlook.com;(41) 3402-9138;Renata Nowak;"R. Desembargador Westphalen 2563, Ponta Grossa";2024-01-21;Rafaela
C0197;Bar e Petiscaria Ahú EIRELI;60.690.814/0001-27;wagner.carvalho@ahubar.com.br;+55 41 33096035;Wagner Carvalho;"RUA BRIGADEIRO FRANCO, 305 - AGUA VERDE - COLOMBO";2024-04-11;Rafaela
C0174;FARMACIA PARAISO;28.511.507/0001-29;paulozanetti15@hotmail.com;+55 41 34804229;Paulo Zanetti;"RUA VISCONDE DE GUARAPUAVA, 2826 - BATEL - CURITIBA";2024-06-09;Marcos
C0069;Drogaria Bom Preço Comércio Ltda EPP;72606301000174;olivia.ribeiro@bomprecodrog.com.br;4133979739;Olívia Ribeiro;"Avenida Comendador Franco, 866 - Bacacheri, Cascavel";2026-06-14;Rafaela
C0006;Padaria Ponto Certo;22018267000149;tatiane.souza@pontocertopad.com.br;4139376625;Tatiane Souza;"RUA DAS FLORES, 1965 - CRISTO REI - JOINVILLE";2024-05-22;Patrícia
C0079;Supermercado Portão Comércio de Alimentos EIRELI;68.361.729/0001-27;gabrielaribeiro42@yahoo.com.br;41 3999 8891;Gabriela Ribeiro;"RUA JOAO NEGRAO, 612 - BATEL - JOINVILLE";2024-06-14;Marcos
C0236;Empório Monte Alegre EIRELI;28861810000151;nelson@montealegreempcuritiba.com.br;+55 41 39755798;Nelson Kowalski;"R. Visconde de Guarapuava 584, Curitiba";2024-06-16;Rafaela
C0224;Mercado Monte Alegre Distribuição EIRELI;71972977000119;sergio.bortolini@montealegremerc.net;(41) 3518-1980;Sérgio Bortolini;"RUA MARECHAL DEODORO, 1345 - MERCES - PINHAIS";2024-03-25;Marcos
C0247;Supermercado Imperial;41.821.267/0001-27;olivia@imperialsuperm.com.br;41 3752 4979;Olívia Lima;"RUA MARECHAL DEODORO, 1001 - JUVEVE - CURITIBA";2026-05-06;Patrícia
C0026;Bar e Petiscaria Pão Quente Serviços Ltda;33.712.150/0001-87;henrique@paoquentebar.com.br;+55 41 31393402;Henrique Fernandes;"RUA ITUPAVA, 1568 - BOQUEIRAO - CURITIBA";2024-05-20;Tiago
C0245;Farmácia Monte Alegre Comércio de Alimentos EIRELI;84.077.702/0001-63;paulobortolini18@outlook.com;+55 41 34619168;Paulo Bortolini;"Rua Itupava, 1012 - Batel, Ponta Grossa";2024-05-02;Tiago
C0034;Drogaria Mercês;;elisapereira3@yahoo.com.br;(41) 3078-9390;Elisa Pereira;"AVENIDA PARANA, 1037 - BOQUEIRAO - CURITIBA";2024-04-23;Marcos
C0209;Mercado Pilarzinho Comércio EIRELI;28.681.147/0001-03;diego@pilarzinhomerc.net;+55 41 37003889;Diego Souza;"Avenida República Argentina, 2184 - Centro, Pinhais";2026-08-23;Marcos
C0003;Pet Shop Bom Gosto Ltda;54084800000167;wagnerrocha66@yahoo.com.br;4134200158;Wagner Rocha;"Av. Comendador Franco 3032, Pinhais";2024-01-04;Marcos
C0058;Empório Dois Irmãos;78.884.427/0001-97;gabriela@doisirmaosemp.com.br;41 3625 1863;Gabriela Rocha;"Rua Chile nº 449, Juvevê (Colombo)";2024-03-28;Rafaela
C0180;Hortifruti Iguaçu;40.882.152/0001-80;yararocha94@hotmail.com;41 3985 5521;Yara Rocha;"RUA DESEMBARGADOR WESTPHALEN, 3934 - BACACHERI - LONDRINA";2024-01-17;Marcos
C0170;Padaria Imperial;83.987.090/0001-83;isabelaoliveira55@yahoo.com.br;41 3974 9405;Isabela Oliveira;"Rua das Flores, 2121 - Bacacheri, Joinville";2024-01-22;Patrícia
C0226;Pet Shop Real Ltda;10.870.986/0001-04;wagnermartins49@yahoo.com.br;41 3570 3837;Wagner Martins;"Av. Getúlio Vargas 1058, Curitiba";2024-05-12;Marcos
C0072;Farmácia Iguaçu;95.667.813/0001-46;wagner@iguacufarm.com.br;+55 41 30982103;Wagner Gomes;"R. João Negrão 2157, Maringá";2024-04-03;Patrícia
C0070;Supermercado Central;50086978000196;fabioalmeida22@yahoo.com.br;41 3891 8691;Fábio Almeida;"RUA DAS FLORES, 1315 - JUVEVE - CURITIBA";2024-01-13;Rafaela
C0045;Lanchonete Bom Jesus;64942261000103;vinicius.zanetti@bomjesuslanch.net;41 3025 1654;Vinícius Zanetti;"R. Emiliano Perneta 2939, Curitiba";2024-03-24;Marcos
C0017;Mercado Portão Comércio de Alimentos S/A;11.475.057/0001-63;ana.nowak@portaomerc.net;(41) 3099-6881;Ana Nowak;"Avenida Iguaçu, 2557 - Centro, Araucária";2024-06-11;Tiago
C0169;Lanchonete Jardim;19.296.376/0001-13;fabioalmeida32@hotmail.com;4133264426;Fábio Almeida;"R. Padre Anchieta 172, Ponta Grossa";2024-06-03;Rafaela
C0111;Restaurante aFmília;;sergio.silva@familiarest.net;+55 41 32212088;Sérgio Silva;"Av. Paraná 3937, Londrina";2024-01-07;Patrícia
C0078;Mercado Boqueirão;;nelsonsouza24@hotmail.com;41 3467 5864;Nelson Souza;"RUA BRIGADEIRO FRANCO, 3200 - MERCES - PINHAIS";2026-06-08;Patrícia
C0127;Pinheiral;;vinicius@pinheiralpet.com.br;41 3884 6840;Vinícius Souza;"AVENIDA IGUACU, 3683 - REBOUCAS - CURITIBA";2024-03-17;Tiago
C0196;Bar e Petiscaria Ahú EIRELI;67.690.814/0001-27;fabio@ahubar.com.br;+55 41 33096035;Fábio Silva;"Rua Brigadeiro Franco nº 305, Água Verde (Colombo)";2024-01-08;Rafaela
C0183;Bar e Petiscaria Tarumã;;marianabortolini9@hotmail.com;+55 41 38528414;Mariana Bortolini;"R. Chile 2177, Araucária";2026-04-11;Rafaela
C0201;Drogaria Litoral;80.680.827/0001-22;marianaaraujo76@gmail.com;+55 41 34657959;Mariana Araújo;"R. Mateus Leme 1165, Maringá";2024-01-11;Tiago
C0161;Conveniência Paraíso Comércio de Alimentos Ltda;78704016000172;yara.nascimento@paraisoconv.com.br;(41) 3103-4972;Yara Nascimento;"RUA PADRE ANCHIETA, 998 - MERCES - MARINGA";2024-02-10;Marcos
C0120;EMP Cruzeiro;33.237.118/0001-97;mariana.costa@cruzeiroemp.com.br;+55 41 37454243;Mariana Costa;"Av. Comendador Franco 2667, Cascavel";2024-06-13;Tiago
C0001;Mercado Boa Esperança;79601205000182;yara.araujo@boaesperancamerc.net;4135383587;Yara Araújo;"AVENIDA GETULIO VARGAS, 3210 - CRISTO REI - CURITIBA";2024-01-13;Patrícia
C0192;Pet Shop Pilarzinho;;sergio.nascimento@pilarzinhopet.net;+55 41 38423700;Sérgio Nascimento;"AVENIDA REPUBLICA ARGENTINA, 3117 - MERCES - CURITIBA";2024-03-05;Rafaela
C0188;Açougue Pilarzinho;11.638.841/0001-45;sergio.nascimento@pilarzinhoacoug.com.br;(41) 3328-3594;Sérgio Nascimento;"RUA DAS FLORES, 1577 - PORTAO - PONTA GROSSA";2024-05-18;Rafaela
C0194;Drogaria Pinheiral;55197583000184;gabriela@pinheiraldrog.com.br;4134383892;Gabriela Souza;"Avenida Iguaçu, 2921 - Bacacheri, Ponta Grossa";2024-06-17;Tiago
C0125;Empório São José Serviços ME;;wagner.ribeiro@saojoseemp.net;+55 41 38429135;Wagner Ribeiro;"RUA ITUPAVA, 668 - BACACHERI - COLOMBO";2024-03-18;Rafaela
C0023;Lanchonete Monte Alegre;48438457000109;carlarodrigues12@yahoo.com.br;(41) 3690-2598;Carla Rodrigues;"Rua Engenheiros Rebouças nº 2304, Juvevê (São José dos Pinhais)";2024-03-21;Rafaela
C0167;Pousada Dois Irmãos;44.483.799/0001-90;gabriela.kowalski@doisirmaospous.net;4134162884;Gabriela Kowalski;"Rua Desembargador Westphalen nº 2817, Juvevê (São José dos Pinhais)";2024-05-14;Rafaela
C0122;FARMACIA SAO JOSE;80.116.111/0001-05;carlaalmeida6@gmail.com;(41) 3851-1064;Carla Almeida;"Rua João Negrão nº 1752, Cristo Rei (Pinhais)";2024-02-21;Tiago
C0261;Restaurante Bom Gosto Comércio Ltda;52.534.407/0001-00;isabela@bomgostorest.com.br;4135218787;Isabela Kowalski;"Avenida Sete de Setembro nº 3646, Juvevê (Curitiba)";2024-02-01;Patrícia
C0118;Restaurante Dois Irmãos;76940205000119;carla@doisirmaosrest.com.br;41 3797 4037;Carla Lima;"RUA XV DE NOVEMBRO, 3814 - PORTAO - CURITIBA";2024-02-04;Tiago
C0013;Supermercado Juveê;;renata@juvevesuperm.com.br;4130561054;Renata Fernandes;"R. XV de Novembro 160, Ponta Grossa";2024-05-06;Marcos
C0084;Conveniência Boa Esperança Comércio de Alimentos Ltda;81.117.805/0001-11;karina@boaesperancaconv.com.br;+55 41 37668042;Karina Ribeiro;"R. Itupava 996, São José dos Pinhais";2024-05-20;Tiago
C0053;Pet Shop Girassol Comércio Ltda EPP;;lucascosta96@gmail.com;4132591541;Lucas Costa;"Avenida Sete de Setembro, 1388 - Rebouças, Cascavel";2024-01-16;Patrícia
C0205;Supermercado Recanto Comércio de Alimentos ME;82142708000141;isabela@recantosuperm.net;+55 41 36520728;Isabela Carvalho;"AVENIDA PARANA, 2099 - BACACHERI - PONTA GROSSA";2024-05-13;Tiago
C0198;Supermercado Boqueirão;83.611.667/0001-58;renata.souza@boqueiraosuperm.com.br;41 3675 6821;Renata Souza;"Avenida Iguaçu, 2364 - Cristo Rei, São José dos Pinhais";2026-08-25;Rafaela
C0100;Açougue Serra Verde Comércio S/A;68012383000151;lucas.fernandes@serraverdeacoug.com.br;(41) 3803-1275;Lucas Fernandes;"RUA BRIGADEIRO FRANCO, 3233 - BATEL - COLOMBO";2024-03-07;Marcos
C0113;Pousada Ouro Verde;67.860.520/0001-45;paulo@ouroverdepous.com.br;+55 41 34861799;Paulo Zanetti;"RUA DESEMBARGADOR WESTPHALEN, 2133 - BATEL - CURITIBA";2024-02-23;Patrícia
C0208;Hortifruti Bom Jesus Comércio Ltda;90.012.369/0001-07;vinicius@bomjesushorti.com.br;(41) 3544-3415;Vinícius Rodrigues;"Av. Comendador Franco 144, São José dos Pinhais";2024-03-18;Rafaela
C0257;Serra Verde;;karina.bortolini@serraverdepet.com.br;41 3258 2490;Karina Bortolini;"Avenida Sete de Setembro nº 3128, Batel (Pinhais)";2024-06-25;Tiago
C0054;Pousada Vitória;52725517000141;sergionowak78@outlook.com;(41) 3511-0411;Sérgio Nowak;"Avenida Sete de Setembro nº 2276, Juvevê (Ponta Grossa)";2024-05-07;Marcos
C0178;Drogaria Central Comércio Ltda EPP;36.995.506/0001-25;wagnercosta86@yahoo.com.br;(41) 3938-6111;Wagner Costa;"Avenida Sete de Setembro, 1437 - Centro, São José dos Pinhais";2024-03-05;Marcos
C0048;Conveniência Bom Jesus Comércio Ltda;34402483000172;oliviaoliveira55@gmail.com;(41) 3226-4983;Olívia Oliveira;"R. Padre Anchieta 121, Cascavel";2024-05-14;Tiago
C0074;Supermercado Mercês Comércio de Alimentos Ltda;38.053.677/0001-60;viniciusalmeida70@hotmail.com;+55 41 39414024;Vinícius Almeida;"Rua Itupava nº 1578, Mercês (Curitiba)";2024-03-20;Marcos
C0066;Padaria São Braz;65.144.471/0001-19;carla.carvalho@saobrazpad.com.br;4133312328;Carla Carvalho;"R. das Flores 2033, Curitiba";2024-03-11;Rafaela
C0159;Bar e Petiscaria Bom Gosto Serviços Ltda EPP;51.515.603/0001-09;nelson.oliveira@bomgostobar.net;41 3402 7884;Nelson Oliveira;"Rua Mateus Leme nº 184, Boqueirão (São José dos Pinhais)";2024-06-12;Tiago
C0104;Pousada Iguaçu;11.111.181/0001-40;renata@iguacupous.com.br;(41) 3305-7428;Renata Bortolini;"R. Mateus Leme 1410, Cascavel";2026-08-27;Patrícia
C0117;Bom Gosto;;karina.souza@bomgostomerc.net;4132994235;Karina Souza;"Rua Marechal Deodoro nº 1988, Juvevê (Maringá)";2024-03-22;Tiago
C0233;Mercado Sabor da Terra;35.847.160/0001-55;yara.nascimento@sabordaterramerc.com.br;+55 41 31004300;Yara Nascimento;"Av. Comendador Franco 1189, Araucária";2024-02-17;Tiago
C0115;Pousada São José Serviços ME;46.552.884/0001-98;paulo@saojosepous.com.br;+55 41 34812058;Paulo Nowak;"Rua Itupava, 922 - Batel, Joinville";2024-02-18;Marcos
C0014;Empório Portão;66.864.730/0001-49;fabio@portaoemp.com.br;(41) 3390-6800;Fábio Oliveira;"Avenida Iguaçu nº 3505, Cristo Rei (São José dos Pinhais)";2024-05-28;Tiago
C0133;Mercado Três Marias;68930347000177;olivia@tresmariasmerc.net;4134810573;Olívia Kowalski;"R. Brigadeiro Franco 33, Maringá";2024-05-14;Rafaela
C0155;Conveniência Batel;95.768.096/0001-49;tatiane.nowak@batelconv.com.br;4138154382;Tatiane Nowak;"RUA XV DE NOVEMBRO, 2720 - PORTAO - CURITIBA";2024-06-06;Tiago
C0076;Empório Ponto Certo;25.356.950/0001-02;olivia@pontocertoemp.com.br;41 3036 4218;Olívia Martins;"Avenida Sete de Setembro nº 510, Água Verde (Colombo)";2024-05-24;Marcos
C0254;Drogaria Paraíso Comércio Ltda;97034697000234;tatiane.nowak@paraisodrog.com.br;(41) 3638-2904;Tatiane Nowak;"R. Chile 2127, Maringá";2024-05-28;Rafaela
C0251;Lanchonete São José;59035371000151;wagner.oliveira@saojoselanch.com.br;+55 41 30866609;Wagner Oliveira;"Rua Emiliano Perneta nº 711, Bacacheri (Curitiba)";2024-05-25;Rafaela
C0223;Conveniência Central Comércio Ltda EPP;28.311.438/0001-00;elisa@centralconv.com.br;4136186757;Elisa Kowalski;"R. Itupava 2750, São José dos Pinhais";2024-01-28;Marcos
C0141;Padaria Novo Horizonte;29680755000166;vinicius.zanetti@novohorizontepad.net;4132323569;Vinícius Zanetti;"RUA MATEUS LEME, 2439 - JUVEVE - MARINGA";2024-04-06;Tiago
C0092;Padaria Boqueirão;64.823.371/0001-56;karina.carvalho@boqueiraopad.com.br;41 3330 0010;Karina Carvalho;"Av. Brasil 896, Araucária";2024-04-18;Patrícia
C0248;Supermercado Imperial;74.335.212/0001-66;wagnercarvalho68@hotmail.com;41 3413 9772;Wagner Carvalho;"Rua Mateus Leme nº 406, Batel (Ponta Grossa)";2026-08-09;Patrícia
C0052;Hortifruti Pinheiral Distribuição Ltda EPP;;gabriela.lima@pinheiralhorti.net;+55 41 33477138;Gabriela Lima;"Rua das Flores, 2721 - Centro, Ponta Grossa";2024-06-01;Rafaela
C0071;Supermercado Três Marias;50.211.577/0001-10;olivia@tresmariassuperm.com.br;(41) 3655-1079;Olívia Gomes;"R. das Flores 1028, Colombo";2024-05-14;Tiago
C0114;Empório Rio Branco Distribuição S/A;90.194.626/0001-79;lucas@riobrancoemp.net;4138283621;Lucas Fernandes;"Rua das Flores nº 1332, Batel (Cascavel)";2024-02-27;Tiago
C0022;Bar e Petiscaria Dois Irmãos;66.766.080/0001-07;karinasilva78@hotmail.com;+55 41 36902370;Karina Silva;"Rua Marechal Deodoro nº 170, Boqueirão (Curitiba)";2024-01-01;Rafaela
C0147;Padaria Recanto;;fabio@recantopad.net;4134976674;Fábio Almeida;"R. XV de Novembro 1159, Colombo";2024-03-04;Marcos
C0049;conveniência bom jesus;;oliviaoliveira55@gmail.com;41 3226 4983;Olívia Oliveira;"Rua Padre Anchieta, 121 - Batel, Cascavel";2024-03-24;Patrícia
C0007;Drogaria Batel Serviços S/A;76.997.867/0001-25;wagner@bateldrog.com.br;(41) 3370-3550;Wagner Fernandes;"Rua Marechal Deodoro nº 3560, Rebouças (Londrina)";2024-04-17;Marcos
C0068;Bar e Petiscaria Estrela Serviços Ltda;86.083.441/0001-10;diego@estrelabar.com.br;41 3405 7225;Diego Zanetti;"R. Brigadeiro Franco 1086, Curitiba";2024-02-27;Marcos
C0259;Hortifruti Estela;80.232.850/0001-54;renata.rocha@estrelahorti.com.br;41 3458 9677;Renata Rocha;"Av. Paraná 683, Curitiba";2024-05-24;Rafaela
C0172;Hortifruti Cruzeiro;34.566.713/0001-39;gabrielabortolini91@hotmail.com;4135274645;Gabriela Bortolini;"Rua Chile, 2289 - Boqueirão, Joinville";2026-09-10;Marcos
C0243;Açougue Iguaçu;32.323.476/0001-50;wagner@iguacuacoug.com.br;(41) 3932-8248;Wagner Kowalski;"R. XV de Novembro 1749, Curitiba";2024-05-25;Tiago
C0181;Hortifruti Iguaçu Serviços Ltda EPP;40.882.152/0001-80;viniciussilva74@hotmail.com;41 3985 5521;Vinícius Silva;"RUA DESEMBARGADOR WESTPHALEN, 3934 - BACACHERI - LONDRINA";2024-05-19;Patrícia
C0191;Pousada Ahú Distribuição Ltda EPP;;carla.carvalho@ahupous.com.br;(41) 3376-4819;Carla Carvalho;"Rua XV de Novembro nº 3618, Cristo Rei (Cascavel)";2024-03-27;Patrícia
C0097;Pousada Bela Vista Ltda;75515618000193;elisagomes92@gmail.com;41 3205 9242;Elisa Gomes;"Rua Marechal Deodoro, 2890 - Batel, Londrina";2024-05-09;Tiago
C0028;Conveniência Girassol;;henriquearaujo53@yahoo.com.br;4135243686;Henrique Araújo;"Av. Sete de Setembro 3089, Colombo";2024-04-27;Patrícia
C0262;Restaurante Bom Gosto Colombo;52.534.407/0002-83;isabela@bomgostorest.com.br;+55 41 33009580;Isabela Martins;"Av. Brasil 3479, Colombo";2024-05-18;Rafaela
C0162;Restaurante Boqueirão;;karinacosta24@hotmail.com;4132114336;Karina Costa;"R. Itupava 2555, Joinville";2024-06-22;Patrícia
C0230;Lanchonete São Braz;53.028.766/0001-40;carla@saobrazlanch.com.br;(41) 3206-6282;Carla Nascimento;"RUA EMILIANO PERNETA, 3159 - BOQUEIRAO - PINHAIS";2024-02-25;Patrícia
C0235;Empório Monte Alegre;71.897.930/0001-38;elisacarvalho40@gmail.com;(41) 3737-2645;Elisa Carvalho;"Avenida Sete de Setembro, 35 - Batel, Ponta Grossa";2024-05-20;Marcos
C0083;Conveniência Boa Esperança;81.117.805/0001-11;karina@boaesperancaconv.com.br;41 3766 8042;Karina Ribeiro;"RUA ITUPAVA, 996 - BOQUEIRAO - SAO JOSE DOS PINHAIS";2024-04-13;Marcos
C0240;Lanchonete Ouro Verde Distribuição Ltda EPP;28.671.677/0001-70;paulobortolini23@hotmail.com;(41) 3612-5058;Paulo Bortolini;"Rua das Flores, 2217 - Boqueirão, Joinville";2024-02-14;Tiago
C0065;Supermercado Litoral;60.992.953/0001-05;lucas@litoralsuperm.com.br;(41) 3965-0901;Lucas Rocha;"RUA EMILIANO PERNETA, 1313 - BOQUEIRAO - CURITIBA";2024-03-20;Marcos
C0073;Açougue Girassol Ltda EPP;58.332.565/0001-56;olivia.silva@girassolacoug.net;4133378399;Olívia Silva;"Avenida Brasil, 43 - Centro, Curitiba";2024-01-13;Marcos
C0252;Lanchonete São José Comércio Ltda;59.035.371/0002-32;olivia.fernandes@saojoselanch.com.br;(41) 3700-2266;Olívia Fernandes;"Rua Emiliano Perneta nº 2660, Água Verde (Maringá)";2026-09-13;Tiago
C0138;LANCHONETE TARUMA;64.736.494/0001-50;lucas.gomes@tarumalanch.com.br;41 3786 7222;Lucas Gomes;"R. Engenheiros Rebouças 699, Colombo";2024-05-02;Tiago
C0119;Empório Cruzeiro;33.237.118/0001-97;vinicius@cruzeiroemp.com.br;4137454243;Vinícius Rocha;"AVENIDA COMENDADOR FRANCO, 2667 - CENTRO - CASCAVEL";2024-03-08;Marcos
C0175;Conveniência Recanto Ltda EPP;84.391.553/0001-09;nelsonsouza61@hotmail.com;4132574875;Nelson Souza;"Rua Marechal Deodoro nº 910, Centro (Joinville)";2026-03-07;Marcos
C0206;Conveniência Estrela Ltda;19.411.869/0001-57;olivia@estrelaconv.com.br;4139273443;Olívia Fernandes;"R. Engenheiros Rebouças 845, São José dos Pinhais";2024-05-10;Rafaela
C0232;Mercado Sabor da Terra Comércio de Alimentos EIRELI;35.847.160/0001-55;yara.nascimento@sabordaterramerc.com.br;41 3100 4300;Yara Nascimento;"R. Mateus Leme 266, Araucária";2026-09-04;Patrícia
C0168;Restaurante Vale do Sol;14.353.020/0001-50;fabiosilva77@hotmail.com;41 3581 5885;Fábio Silva;"Av. Brasil 1418, Cascavel";2024-03-04;Marcos
