cod_erp;razao_social;cnpj;endereco_cobranca;data_cadastro;lote_importacao
10176;REST PONTO CERTO LTDA EPP;;"RUA CHILE, 555 - REBOUCAS - SAO JOSE DOS PINHAIS";2024-01-23;IMP-CRM-2024-01
10011;SUPERM ARAUCARIA DIST LTDA;30023134000199;"RUA DAS FLORES, 2404 - PORTAO - ARAUCARIA";2024-08-26;
10067;BAR ESTRELA SERVICOS LTDA;86083441000110;"RUA BRIGADEIRO FRANCO, 1086 - PORTAO - CURITIBA";2024-06-17;
10162;LANCH JARDIM COM DE ALIMENTOS LTDA;19296376000113;"RUA PADRE ANCHIETA, 172 - BOQUEIRAO - PONTA GROSSA";2024-01-22;
10147;ACOUG PONTO CERTO DIST EIRELI;65893366000182;"AVENIDA REPUBLICA ARGENTINA, 1846 - JUVEVE - ARAUCARIA";2024-02-11;IMP-CRM-2024-02
10005;PAD SABOR DA TERRA DIST EIRELI;59511268000130;"AVENIDA BRASIL, 2947 - AGUA VERDE - CASCAVEL";2024-01-24;IMP-CRM-2024-01
10189;SUPERM BOQUEIRAO COM LTDA;83611667000158;"RUA DAS FLORES, 2617 - REBOUCAS - SAO JOSE DOS PINHAIS";2024-03-27;IMP-CRM-2024-03
10158;ACOUG LITORAL SERVICOS LTDA EPP;64215878000127;"AVENIDA COMENDADOR FRANCO, 935 - BACACHERI - ARAUCARIA";2024-03-27;
10144;EMP OURO VERDE COM DE ALIMENTOS ME;68291485000153;"RUA EMILIANO PERNETA, 3429 - JUVEVE - PINHAIS";2024-06-08;IMP-CRM-2024-06
10177;PAD AGUA VERDE DIST LTDA;;"RUA DESEMBARGADOR WESTPHALEN, 2151 - BOQUEIRAO - CURITIBA";2024-07-03;IMP-CRM-2024-07
10243;PET SERRA VERDE COM LTDA;63749608000133;"AVENIDA GETULIO VARGAS, 278 - PORTAO - CURITIBA";2024-03-22;IMP-CRM-2024-03
10069;DROG BOM PRECO COM LTDA EPP;72606301000174;"AVENIDA GETULIO VARGAS, 602 - JUVEVE - CASCAVEL";2024-03-23;
10200;MERC PILARZINHO COM EIRELI;28681147000103;"RUA DAS FLORES, 2610 - BATEL - PINHAIS";2024-07-28;
10202;LANCH PRIMAVERA COM DE ALIMENTOS LTDA;53390223000179;"RUA JOAO NEGRAO, 3178 - BACACHERI - CURITIBA";2024-07-04;
10231;ACOUG IGUACU DIST LTDA;22751766000140;"AVENIDA IGUACU, 2866 - BATEL - PONTA GROSSA";2024-08-19;IMP-CRM-2024-08
10175;SUPERM IGUACU ME;78898714000156;"AVENIDA GETULIO VARGAS, 2881 - REBOUCAS - CURITIBA";2024-09-15;IMP-CRM-2024-09
10203;SUPERM NOVO HORIZONTE DIST S/A;32231517000188;"AVENIDA IGUACU, 731 - BACACHERI - PONTA GROSSA";2024-06-05;IMP-CRM-2024-06
10087;LANCH CRISTO REI COM DE ALIMENTOS LTDA;;"RUA BRIGADEIRO FRANCO, 455 - AGUA VERDE - ARAUCARIA";2024-06-27;IMP-CRM-2024-06
10053;PET GIRASSOL COM LTDA EPP;;"AVENIDA SETE DE SETEMBRO, 1388 - REBOUCAS - CASCAVEL";2024-09-21;IMP-CRM-2024-09
10167;CONV RECANTO LTDA EPP;87391553000109;"RUA VISCONDE DE GUARAPUAVA, 2819 - REBOUCAS - JOINVILLE";2024-07-12;IMP-CRM-2024-07
10020;HORTI VALE DO SOL SERVICOS ME;11797309000170;"AVENIDA IGUACU, 558 - REBOUCAS - COLOMBO";2024-06-24;IMP-CRM-2024-06
10111;DROG RIO BRANCO LTDA;70996437000102;"RUA CHILE, 1802 - BATEL - ARAUCARIA";2024-01-07;IMP-CRM-2024-01
10041;ACOUG PARAISO DIST LTDA;10277812000132;"RUA XV DE NOVEMBRO, 1165 - BATEL - CURITIBA";2024-03-24;IMP-CRM-2024-03
10080;SUPERM PORTAO COM DE ALIMENTOS EIRELI;68361729000127;"RUA JOAO NEGRAO, 612 - BATEL - JOINVILLE";2024-03-26;IMP-CRM-2024-03
10104;POUS IGUACU COM EIRELI;11111181000140;"RUA VISCONDE DE GUARAPUAVA, 2535 - BOQUEIRAO - CASCAVEL";2024-03-06;IMP-CRM-2024-03
10240;DROG PARAISO COM LTDA;97034697000153;"RUA DAS FLORES, 2977 - AGUA VERDE - CURITIBA";2024-05-16;
10121;EMP SAO JOSE SERVICOS ME;11428865000170;"RUA ITUPAVA, 668 - BACACHERI - COLOMBO";2024-06-08;
10004;PET BOM GOSTO LTDA;54084800000167;"AVENIDA COMENDADOR FRANCO, 3032 - PORTAO - PINHAIS";2024-04-05;IMP-CRM-2024-04
10163;PAD IMPERIAL EIRELI;83987090000183;"RUA DAS FLORES, 2121 - BACACHERI - JOINVILLE";2024-02-13;
10143;DROG BELA VISTA SERVICOS LTDA;91794100000192;"AVENIDA SETE DE SETEMBRO, 2360 - BOQUEIRAO - CURITIBA";2024-02-01;IMP-CRM-2024-02
10134;POUS AURORA COM DE ALIMENTOS S/A;84617188000101;"RUA CHILE, 150 - CENTRO - ARAUCARIA";2024-02-05;IMP-CRM-2024-02
10043;BAR IGUACU COM LTDA;68495500000185;"RUA MARECHAL DEODORO, 298 - CRISTO REI - CURITIBA";2024-07-06;IMP-CRM-2024-07
10027;BAR PAO QUENTE SERVICOS LTDA;33712150000187;"RUA ITUPAVA, 1568 - BOQUEIRAO - CURITIBA";2024-05-06;
10237;DROG REAL DIST LTDA;61987574000190;"RUA ENGENHEIROS REBOUCAS, 3110 - MERCES - CURITIBA";2024-04-19;IMP-CRM-2024-04
10212;CONV CENTRAL COM LTDA EPP;28311438000100;"RUA ITUPAVA, 2750 - MERCES - SAO JOSE DOS PINHAIS";2024-06-22;IMP-CRM-2024-06
10208;ACOUG VALE DO SOL SERVICOS ME;26296522000176;"RUA BRIGADEIRO FRANCO, 2013 - BACACHERI - SAO JOSE DOS PINHAIS";2024-05-02;
10213;MERC MONTE ALEGRE DIST EIRELI;71972977000119;"RUA MARECHAL DEODORO, 1345 - MERCES - PINHAIS";2024-05-22;IMP-CRM-2024-05
10059;SUPERM PILARZINHO SERVICOS S/A;12759637000145;"RUA EMILIANO PERNETA, 3080 - CENTRO - MARINGA";2024-05-10;
10066;SUPERM FAMILIA DIST EIRELI;58132427000123;"RUA DESEMBARGADOR WESTPHALEN, 2563 - CENTRO - PONTA GROSSA";2024-04-11;
10180;LANCH BOA ESPERANCA SERVICOS EIRELI;;"AVENIDA GETULIO VARGAS, 3489 - MERCES - MARINGA";2024-01-21;IMP-CRM-2024-01
10182;PET PILARZINHO DIST ME;;"AVENIDA REPUBLICA ARGENTINA, 3117 - MERCES - CURITIBA";2024-02-14;IMP-CRM-2024-02
10183;DROG VALE DO SOL COM EIRELI;;"AVENIDA PARANA, 2460 - REBOUCAS - CURITIBA";2024-09-04;IMP-CRM-2024-09
10129;MERC TRES MARIAS DIST S/A;68930347000177;"RUA BRIGADEIRO FRANCO, 33 - BOQUEIRAO - MARINGA";2024-07-23;IMP-CRM-2024-07
10238;LANCH SAO JOSE COM LTDA;59035371000151;"RUA EMILIANO PERNETA, 711 - BACACHERI - CURITIBA";2024-08-12;IMP-CRM-2024-08
10109;HORTI CAMPO LARGO COM LTDA;;"RUA VISCONDE DE GUARAPUAVA, 3905 - PORTAO - CURITIBA";2024-08-23;IMP-CRM-2024-08
10008;DROG BATEL SERVICOS S/A;76997867000125;"RUA MARECHAL DEODORO, 3560 - REBOUCAS - LONDRINA";2024-01-26;
10048;REST BELA VISTA SERVICOS LTDA;96922503000193;"RUA XV DE NOVEMBRO, 2366 - BOQUEIRAO - ARAUCARIA";2024-02-24;IMP-CRM-2024-02
10250;FARM VALE DO SOL COM LTDA;27078225000117;"AVENIDA BRASIL, 1154 - JUVEVE - CURITIBA";2024-07-01;
10007;PAD PONTO CERTO SERVICOS LTDA;22018267000149;"RUA DAS FLORES, 1965 - CRISTO REI - JOINVILLE";2024-05-19;
10122;EMP SAO JOSE SERVICOS ME;11428865000170;"RUA ITUPAVA, 668 - BACACHERI - COLOMBO";2024-05-13;
10114;POUS SAO JOSE SERVICOS ME;46552884000198;"RUA ITUPAVA, 922 - BATEL - JOINVILLE";2024-09-21;IMP-CRM-2024-09
10236;DROG REAL S/A;59122925000158;"AVENIDA REPUBLICA ARGENTINA, 323 - CENTRO - SAO JOSE DOS PINHAIS";2024-03-08;IMP-CRM-2024-03
10085;DROG SAO JOSE COM DE ALIMENTOS LTDA;;"AVENIDA GETULIO VARGAS, 2385 - BOQUEIRAO - ARAUCARIA";2024-07-14;IMP-CRM-2024-07
10174;POUS JARDIM DIST S/A;16927077000141;"RUA PADRE ANCHIETA, 2440 - AGUA VERDE - ARAUCARIA";2024-05-09;
10081;SUPERM PORTAO COM DE ALIMENTOS EIRELI;68361729000127;"RUA JOAO NEGRAO, 612 - BATEL - JOINVILLE";2024-08-25;
10145;CONV CAMPO LARGO COM DE ALIMENTOS LTDA EPP;61533176000101;"AVENIDA PARANA, 3771 - BATEL - COLOMBO";2024-01-02;
10201;SUPERM BACACHERI COM DE ALIMENTOS ME;23919027000188;"RUA MARECHAL DEODORO, 3219 - CRISTO REI - CURITIBA";2024-01-11;
10229;SUPERM AGUA VERDE COM S/A;60573586000105;"RUA VISCONDE DE GUARAPUAVA, 3909 - MERCES - CURITIBA";2024-01-10;IMP-CRM-2024-01
10055;REST RIO BRANCO EIRELI;73466487000176;"RUA PADRE ANCHIETA, 347 - BATEL - JOINVILLE";2024-02-18;
10246;HORTI ESTRELA COM LTDA;80232850000235;"AVENIDA REPUBLICA ARGENTINA, 924 - AGUA VERDE - JOINVILLE";2024-04-01;
10181;POUS AHU DIST LTDA EPP;;"RUA XV DE NOVEMBRO, 3618 - CRISTO REI - CASCAVEL";2024-05-03;IMP-CRM-2024-05
10036;SUPERM AHU COM DE ALIMENTOS LTDA EPP;99135799000190;"RUA CHILE, 1595 - JUVEVE - LONDRINA";2024-05-01;
10172;PAD FAMILIA SERVICOS LTDA;79248914000126;"RUA DESEMBARGADOR WESTPHALEN, 2056 - REBOUCAS - JOINVILLE";2024-01-11;
10227;LANCH OURO VERDE DIST LTDA EPP;28671677000170;"RUA DAS FLORES, 2217 - BOQUEIRAO - JOINVILLE";2024-07-27;IMP-CRM-2024-07
10224;FARM RIO BRANCO COM LTDA EPP;21839517000149;"AVENIDA SETE DE SETEMBRO, 2803 - BOQUEIRAO - COLOMBO";2024-05-09;IMP-CRM-2024-05
10155;CONV PARAISO COM DE ALIMENTOS LTDA;78704016000172;"RUA PADRE ANCHIETA, 998 - MERCES - MARINGA";2024-04-24;
10239;LANCH SAO JOSE COM LTDA;59035371000232;"RUA DAS FLORES, 2774 - CENTRO - MARINGA";2024-06-15;IMP-CRM-2024-06
10093;REST PILARZINHO SERVICOS LTDA;18632541000106;"RUA CHILE, 785 - REBOUCAS - COLOMBO";2024-05-08;IMP-CRM-2024-05
10170;DROG CENTRAL COM LTDA EPP;36995506000125;"AVENIDA SETE DE SETEMBRO, 1437 - CENTRO - SAO JOSE DOS PINHAIS";2024-06-19;
10040;LANCH VALE DO SOL LTDA;;"RUA PADRE ANCHIETA, 1376 - CRISTO REI - CASCAVEL";2024-05-07;IMP-CRM-2024-05
10029;CONV GIRASSOL COM LTDA EPP;79583954000124;"AVENIDA SETE DE SETEMBRO, 3089 - BATEL - COLOMBO";2024-08-26;
10199;HORTI BOM JESUS COM LTDA;90012369000107;"AVENIDA COMENDADOR FRANCO, 144 - BATEL - SAO JOSE DOS PINHAIS";2024-02-19;IMP-CRM-2024-02
10105;PET RECANTO SERVICOS LTDA;13079773000157;"RUA MATEUS LEME, 1762 - BOQUEIRAO - CURITIBA";2024-09-24;IMP-CRM-2024-09
10164;SUPERM SERRA VERDE ME;93926004000186;"RUA XV DE NOVEMBRO, 2420 - AGUA VERDE - CURITIBA";2024-03-04;
10132;BAR MERCES SERVICOS S/A;23807944000170;"AVENIDA REPUBLICA ARGENTINA, 453 - BACACHERI - JOINVILLE";2024-03-24;IMP-CRM-2024-03
10219;LANCH SAO BRAZ COM LTDA;12855007000174;"RUA DESEMBARGADOR WESTPHALEN, 1361 - MERCES - ARAUCARIA";2024-08-19;IMP-CRM-2024-08
10074;SUPERM MERCES COM DE ALIMENTOS LTDA;38053677000160;"RUA ITUPAVA, 1578 - MERCES - CURITIBA";2024-05-20;
10082;REST SABOR DA TERRA LTDA;47972096000113;"RUA MATEUS LEME, 2272 - REBOUCAS - CURITIBA";2024-08-21;IMP-CRM-2024-08
10217;DROG PRIMAVERA DIST LTDA EPP;35845805000110;"RUA BRIGADEIRO FRANCO, 2547 - CRISTO REI - COLOMBO";2024-03-21;
10092;PAD BOQUEIRAO S/A;64823371000156;"AVENIDA BRASIL, 896 - MERCES - ARAUCARIA";2024-01-05;IMP-CRM-2024-01
10153;BAR BOM GOSTO SERVICOS LTDA EPP;51515606000109;"RUA MATEUS LEME, 184 - BOQUEIRAO - SAO JOSE DOS PINHAIS";2024-02-18;IMP-CRM-2024-02
10068;DROG BOM PRECO COM LTDA EPP;72606301000174;"AVENIDA GETULIO VARGAS, 602 - JUVEVE - CASCAVEL";2024-03-17;IMP-CRM-2024-03
10156;REST BOQUEIRAO SERVICOS S/A;;"RUA ITUPAVA, 2555 - BATEL - JOINVILLE";2024-04-18;IMP-CRM-2024-04
10249;REST BOM GOSTO COM LTDA;52534407000283;"AVENIDA BRASIL, 3479 - CENTRO - COLOMBO";2024-05-27;
10191;POUS RIO BRANCO SERVICOS ME;79962023000137;"RUA MATEUS LEME, 2862 - AGUA VERDE - PONTA GROSSA";2024-02-19;
10071;SUPERM TRES MARIAS DIST LTDA;50211577000110;"RUA DAS FLORES, 1028 - JUVEVE - COLOMBO";2024-08-12;IMP-CRM-2024-08
10178;ACOUG PILARZINHO S/A;11638841000145;"RUA DAS FLORES, 1577 - PORTAO - PONTA GROSSA";2024-04-28;
10061;BAR OURO VERDE COM S/A;47898483000157;"RUA ITUPAVA, 2365 - MERCES - LONDRINA";2024-01-26;
10058;REST CAMPO LARGO COM DE ALIMENTOS EIRELI;94799581000117;"AVENIDA BRASIL, 1992 - JUVEVE - CASCAVEL";2024-03-24;IMP-CRM-2024-03
10186;BAR SAO JOSE COM DE ALIMENTOS LTDA EPP;25210468000131;"RUA MARECHAL DEODORO, 1884 - JUVEVE - LONDRINA";2024-03-23;IMP-CRM-2024-03
10031;PET PAO QUENTE SERVICOS S/A;73460256000155;"RUA EMILIANO PERNETA, 3738 - AGUA VERDE - PINHAIS";2024-01-15;IMP-CRM-2024-01
10161;REST VALE DO SOL DIST LTDA;14353020000150;"AVENIDA BRASIL, 1418 - BATEL - CASCAVEL";2024-03-13;IMP-CRM-2024-03
10101;SUPERM BOA ESPERANCA DIST LTDA;51567333000138;"RUA BRIGADEIRO FRANCO, 873 - REBOUCAS - MARINGA";2024-01-10;IMP-CRM-2024-01
10220;MERC SABOR DA TERRA COM DE ALIMENTOS EIRELI;35847160000155;"AVENIDA COMENDADOR FRANCO, 1189 - CENTRO - ARAUCARIA";2024-05-02;
10099;EMP JUVEVE LTDA;80691963000118;"RUA CHILE, 1002 - CENTRO - CURITIBA";2024-03-23;IMP-CRM-2024-03
10032;MERC CRUZEIRO ME;65753373000189;"RUA MARECHAL DEODORO, 3053 - MERCES - CURITIBA";2024-04-19;
10205;CONV AHU LTDA EPP;38058691000157;"RUA ENGENHEIROS REBOUCAS, 2912 - CENTRO - MARINGA";2024-06-14;IMP-CRM-2024-06
10010;SUPERM ARAUCARIA DIST LTDA;30023134000199;"RUA DAS FLORES, 2404 - PORTAO - ARAUCARIA";2024-06-19;IMP-CRM-2024-06
10016;PET ESTRELA DIST ME;82758355000109;"AVENIDA GETULIO VARGAS, 3174 - AGUA VERDE - PINHAIS";2024-03-11;
10214;PET REAL COM LTDA EPP;93886564000154;"AVENIDA COMENDADOR FRANCO, 1818 - CRISTO REI - JOINVILLE";2024-07-09;IMP-CRM-2024-07
10160;POUS DOIS IRMAOS DIST LTDA EPP;44483799000190;"RUA DESEMBARGADOR WESTPHALEN, 2817 - JUVEVE - SAO JOSE DOS PINHAIS";2024-04-14;IMP-CRM-2024-04
10188;BAR AHU EIRELI;60690814000127;"RUA BRIGADEIRO FRANCO, 305 - AGUA VERDE - COLOMBO";2024-01-01;IMP-CRM-2024-01
10193;LANCH RECANTO LTDA EPP;;"RUA DAS FLORES, 3943 - CRISTO REI - CURITIBA";2024-07-06;IMP-CRM-2024-07
10222;EMP MONTE ALEGRE LTDA;71897930000138;"AVENIDA SETE DE SETEMBRO, 35 - BATEL - PONTA GROSSA";2024-01-21;
10120;ACOUG BOM PRECO COM EIRELI;68586903000130;"RUA EMILIANO PERNETA, 3102 - BATEL - COLOMBO";2024-05-20;
10150;CONV BATEL SERVICOS S/A;95768096000149;"RUA XV DE NOVEMBRO, 2720 - PORTAO - CURITIBA";2024-07-23;IMP-CRM-2024-07
10230;ACOUG IGUACU SERVICOS LTDA;32323476000150;"RUA XV DE NOVEMBRO, 1749 - BACACHERI - CURITIBA";2024-06-23;IMP-CRM-2024-06
10022;BAR DOIS IRMAOS COM DE ALIMENTOS LTDA EPP;66766080000107;"RUA MARECHAL DEODORO, 170 - BOQUEIRAO - CURITIBA";2024-08-16;IMP-CRM-2024-08
10117;EMP CRUZEIRO DIST S/A;33237118000197;"AVENIDA COMENDADOR FRANCO, 2667 - CENTRO - CASCAVEL";2024-06-13;
10083;SUPERM BOM PRECO SERVICOS EIRELI;62737086000197;"RUA PADRE ANCHIETA, 2137 - CRISTO REI - PINHAIS";2024-02-25;IMP-CRM-2024-02
10207;CONV PONTO CERTO LTDA;32282952000131;"RUA VISCONDE DE GUARAPUAVA, 2007 - REBOUCAS - JOINVILLE";2024-08-05;
10078;MERC BOQUEIRAO ME;;"AVENIDA PARANA, 1667 - BACACHERI - PINHAIS";2024-01-24;IMP-CRM-2024-01
10102;MERC CRISTO REI DIST EIRELI;21983308000174;"RUA ENGENHEIROS REBOUCAS, 678 - BACACHERI - PONTA GROSSA";2024-02-03;IMP-CRM-2024-02
10110;REST FAMILIA COM DE ALIMENTOS ME;19946310000121;"AVENIDA PARANA, 3937 - MERCES - LONDRINA";2024-05-04;IMP-CRM-2024-05
10179;PET FAMILIA COM LTDA;55111755000155;"AVENIDA SETE DE SETEMBRO, 867 - BATEL - CURITIBA";2024-06-20;IMP-CRM-2024-06
10064;SUPERM LITORAL COM LTDA;60992953000105;"RUA EMILIANO PERNETA, 1313 - BOQUEIRAO - CURITIBA";2024-03-20;
10035;DROG MERCES SERVICOS ME;;"AVENIDA PARANA, 1037 - BOQUEIRAO - CURITIBA";2024-03-12;IMP-CRM-2024-03
10127;CONV BELA VISTA EIRELI;44208231000160;"AVENIDA REPUBLICA ARGENTINA, 2418 - JUVEVE - CURITIBA";2024-06-18;
10187;BAR SAO JOSE COM DE ALIMENTOS LTDA EPP;25210468000131;"RUA MARECHAL DEODORO, 1884 - JUVEVE - LONDRINA";2024-03-07;
10077;LANCH ARAUCARIA LTDA EPP;13808612000157;"RUA BRIGADEIRO FRANCO, 2104 - BATEL - LONDRINA";2024-04-12;IMP-CRM-2024-04
10057;PET MONTE ALEGRE COM LTDA EPP;84358420000134;"RUA EMILIANO PERNETA, 900 - AGUA VERDE - PINHAIS";2024-08-12;
10009;POUS SAO BRAZ SERVICOS LTDA EPP;51461017000187;"AVENIDA BRASIL, 1290 - CRISTO REI - CASCAVEL";2024-06-12;IMP-CRM-2024-06
10138;BAR IMPERIAL DIST ME;44293793000150;"AVENIDA COMENDADOR FRANCO, 1519 - MERCES - LONDRINA";2024-04-18;IMP-CRM-2024-04
10244;PET SERRA VERDE COM LTDA;63749608000214;"AVENIDA SETE DE SETEMBRO, 3128 - BATEL - PINHAIS";2024-08-21;IMP-CRM-2024-08
10118;FARM SAO JOSE LTDA;80116111000105;"RUA JOAO NEGRAO, 1752 - CRISTO REI - PINHAIS";2024-08-28;
10073;ACOUG GIRASSOL LTDA EPP;58332565000156;"AVENIDA BRASIL, 43 - CENTRO - CURITIBA";2024-02-26;IMP-CRM-2024-02
10194;MERC SERRA VERDE COM LTDA;20142013000102;"RUA DESEMBARGADOR WESTPHALEN, 3205 - PORTAO - SAO JOSE DOS PINHAIS";2024-05-06;IMP-CRM-2024-05
10095;PET VALE DO SOL SERVICOS LTDA;79784069000103;"RUA DESEMBARGADOR WESTPHALEN, 1097 - MERCES - CURITIBA";2024-03-04;
10049;CONV BOM JESUS COM LTDA;34402483000172;"RUA PADRE ANCHIETA, 121 - BATEL - CASCAVEL";2024-06-17;IMP-CRM-2024-06
10232;FARM MONTE ALEGRE COM DE ALIMENTOS EIRELI;84077702000163;"RUA ITUPAVA, 1012 - BATEL - PONTA GROSSA";2024-09-27;IMP-CRM-2024-09
10151;ACOUG AGUA VERDE DIST LTDA;21587456000170;"RUA DESEMBARGADOR WESTPHALEN, 1643 - CRISTO REI - CASCAVEL";2024-08-07;IMP-CRM-2024-08
10113;EMP RIO BRANCO DIST S/A;90194626000179;"RUA DAS FLORES, 1332 - BATEL - CASCAVEL";2024-08-11;IMP-CRM-2024-08
10116;REST DOIS IRMAOS COM LTDA EPP;76940205000119;"RUA XV DE NOVEMBRO, 3814 - PORTAO - CURITIBA";2024-02-22;IMP-CRM-2024-02
10001;MERC BOA ESPERANCA COM ME;79601205000182;"AVENIDA GETULIO VARGAS, 3210 - CRISTO REI - CURITIBA";2024-07-13;IMP-CRM-2024-07
10124;PET PINHEIRAL DIST ME;23130381000129;"AVENIDA IGUACU, 3683 - REBOUCAS - CURITIBA";2024-07-28;
10106;PET RIO BRANCO COM DE ALIMENTOS EIRELI;28357261000182;"AVENIDA BRASIL, 3569 - CENTRO - PINHAIS";2024-05-02;
10086;HORTI RECANTO COM LTDA;25641505000166;"RUA MARECHAL DEODORO, 3949 - CENTRO - ARAUCARIA";2024-08-22;
10033;REST LITORAL S/A;99460159000156;"AVENIDA BRASIL, 749 - PORTAO - COLOMBO";2024-01-24;
10149;HORTI PONTO CERTO S/A;92061158000190;"RUA MATEUS LEME, 2693 - BACACHERI - CURITIBA";2024-08-05;IMP-CRM-2024-08
10209;FARM IMPERIAL COM LTDA EPP;81071880000199;"RUA XV DE NOVEMBRO, 3220 - MERCES - CURITIBA";2024-04-17;
10013;BAR RECANTO COM DE ALIMENTOS LTDA;68471047000177;"AVENIDA IGUACU, 2630 - BOQUEIRAO - LONDRINA";2024-07-28;
10228;SUPERM AGUA VERDE DIST LTDA EPP;45486735000105;"RUA MARECHAL DEODORO, 2244 - MERCES - ARAUCARIA";2024-03-11;IMP-CRM-2024-03
10233;FARM MONTE ALEGRE COM DE ALIMENTOS S/A;77434781000157;"RUA DAS FLORES, 153 - CENTRO - CURITIBA";2024-07-03;IMP-CRM-2024-07
10216;DROG PRIMAVERA SERVICOS LTDA;34646142000142;"AVENIDA COMENDADOR FRANCO, 2594 - MERCES - ARAUCARIA";2024-06-03;IMP-CRM-2024-06
10140;FARM ARAUCARIA DIST LTDA;41052804000111;"AVENIDA REPUBLICA ARGENTINA, 1457 - CENTRO - PINHAIS";2024-08-24;IMP-CRM-2024-08
10097;POUS BELA VISTA LTDA;75515618000193;"RUA MARECHAL DEODORO, 2890 - BATEL - LONDRINA";2024-04-26;
10015;EMP PORTAO COM DE ALIMENTOS LTDA;66864730000149;"AVENIDA IGUACU, 3505 - CRISTO REI - SAO JOSE DOS PINHAIS";2024-01-03;IMP-CRM-2024-01
10137;PAD REAL COM DE ALIMENTOS EIRELI;15843547000126;"RUA JOAO NEGRAO, 1915 - JUVEVE - CURITIBA";2024-01-05;IMP-CRM-2024-01
10056;EMP DOIS IRMAOS ME;78884427000197;"RUA CHILE, 449 - JUVEVE - COLOMBO";2024-04-03;IMP-CRM-2024-04
10002;REST CRISTO REI DIST LTDA;79946142000104;"AVENIDA REPUBLICA ARGENTINA, 1927 - MERCES - COLOMBO";2024-06-19;IMP-CRM-2024-06
10146;DROG CAMPO LARGO DIST LTDA EPP;24091899000163;"RUA MATEUS LEME, 2785 - BATEL - JOINVILLE";2024-01-09;IMP-CRM-2024-01
10131;HORTI BOA ESPERANCA COM DE ALIMENTOS LTDA;;"RUA MARECHAL DEODORO, 2897 - REBOUCAS - CURITIBA";2024-09-01;IMP-CRM-2024-09
10030;PET PONTO CERTO COM EIRELI;60446508000140;"RUA ITUPAVA, 2182 - REBOUCAS - CURITIBA";2024-08-24;
10019;SUPERM PONTO CERTO COM DE ALIMENTOS S/A;66258453000120;"AVENIDA SETE DE SETEMBRO, 3100 - BATEL - PONTA GROSSA";2024-05-21;IMP-CRM-2024-05
10173;BAR TARUMA COM DE ALIMENTOS LTDA;42898741000181;"AVENIDA IGUACU, 1718 - AGUA VERDE - ARAUCARIA";2024-01-07;
10084;CONV BOA ESPERANCA COM DE ALIMENTOS LTDA;81117805000111;"RUA ITUPAVA, 996 - BOQUEIRAO - SAO JOSE DOS PINHAIS";2024-03-06;IMP-CRM-2024-03
10204;POUS BOQUEIRAO LTDA EPP;86847881000104;"RUA EMILIANO PERNETA, 95 - JUVEVE - SAO JOSE DOS PINHAIS";2024-05-25;IMP-CRM-2024-05
10094;LANCH LITORAL COM EIRELI;37870681000159;"RUA VISCONDE DE GUARAPUAVA, 1427 - MERCES - LONDRINA";2024-03-08;IMP-CRM-2024-03
10063;SUPERM LITORAL COM LTDA;60992953000105;"RUA EMILIANO PERNETA, 1313 - BOQUEIRAO - CURITIBA";2024-06-27;IMP-CRM-2024-06
10006;BAR GIRASSOL COM LTDA;;"AVENIDA GETULIO VARGAS, 3980 - CENTRO - SAO JOSE DOS PINHAIS";2024-04-10;IMP-CRM-2024-04
10024;LANCH MONTE ALEGRE DIST LTDA;48438457000109;"RUA ENGENHEIROS REBOUCAS, 2304 - JUVEVE - SAO JOSE DOS PINHAIS";2024-07-17;
10060;REST MONTE ALEGRE COM LTDA;24119332000158;"AVENIDA GETULIO VARGAS, 1539 - BATEL - PONTA GROSSA";2024-04-14;
10210;SUPERM BATEL SERVICOS LTDA;33706727000148;"RUA ITUPAVA, 3615 - CRISTO REI - SAO JOSE DOS PINHAIS";2024-08-11;IMP-CRM-2024-08
10196;CONV ESTRELA LTDA;19411869000157;"RUA ENGENHEIROS REBOUCAS, 845 - MERCES - SAO JOSE DOS PINHAIS";2024-08-21;IMP-CRM-2024-08
10136;PAD NOVO HORIZONTE DIST S/A;29680755000166;"RUA MATEUS LEME, 2439 - JUVEVE - MARINGA";2024-08-16;IMP-CRM-2024-08
10168;CONV SAO BRAZ EIRELI;;"RUA MARECHAL DEODORO, 2814 - CRISTO REI - SAO JOSE DOS PINHAIS";2024-08-12;IMP-CRM-2024-08
10025;DROG SABOR DA TERRA COM DE ALIMENTOS LTDA;24676981000150;"RUA JOAO NEGRAO, 3687 - BOQUEIRAO - CASCAVEL";2024-01-14;IMP-CRM-2024-01
10100;ACOUG SERRA VERDE COM S/A;68012383000151;"RUA BRIGADEIRO FRANCO, 3233 - BATEL - COLOMBO";2024-04-03;IMP-CRM-2024-04
10139;SUPERM RIO BRANCO COM DE ALIMENTOS EIRELI;56482829000122;"RUA PADRE ANCHIETA, 664 - AGUA VERDE - CURITIBA";2024-06-21;IMP-CRM-2024-06
10098;PAD PORTAO ME;99903629000109;"AVENIDA IGUACU, 1940 - PORTAO - PONTA GROSSA";2024-06-04;IMP-CRM-2024-06
10076;EMP PONTO CERTO COM S/A;25256950000102;"AVENIDA SETE DE SETEMBRO, 510 - AGUA VERDE - COLOMBO";2024-03-09;
10223;EMP MONTE ALEGRE EIRELI;28861810000151;"RUA VISCONDE DE GUARAPUAVA, 584 - JUVEVE - CURITIBA";2024-05-18;IMP-CRM-2024-05
10165;HORTI CRUZEIRO LTDA;34566713000139;"RUA MARECHAL DEODORO, 1307 - BOQUEIRAO - JOINVILLE";2024-05-14;
10107;EMP TARUMA SERVICOS ME;96702924000109;"AVENIDA BRASIL, 1826 - BOQUEIRAO - CURITIBA";2024-04-09;
10045;FARM LITORAL COM DE ALIMENTOS ME;90815424000105;"AVENIDA PARANA, 2575 - REBOUCAS - CURITIBA";2024-08-05;IMP-CRM-2024-08
10112;POUS OURO VERDE SERVICOS LTDA;67860520000145;"RUA DESEMBARGADOR WESTPHALEN, 2133 - BATEL - CURITIBA";2024-06-13;IMP-CRM-2024-06
10039;REST SANTA RITA SERVICOS ME;34985942000198;"RUA XV DE NOVEMBRO, 2211 - BATEL - ARAUCARIA";2024-03-10;IMP-CRM-2024-03
10075;EMP BATEL SERVICOS EIRELI;33008327000169;"RUA EMILIANO PERNETA, 1472 - CRISTO REI - CASCAVEL";2024-03-16;IMP-CRM-2024-03
10157;REST NOVA ERA COM DE ALIMENTOS LTDA;;"AVENIDA PARANA, 3154 - CRISTO REI - JOINVILLE";2024-07-19;IMP-CRM-2024-07
10038;FARM BOA ESPERANCA DIST EIRELI;98883803000136;"AVENIDA COMENDADOR FRANCO, 167 - REBOUCAS - JOINVILLE";2024-08-26;IMP-CRM-2024-08
10141;BAR BOM PRECO DIST LTDA;94486898000101;"RUA DAS FLORES, 3871 - MERCES - COLOMBO";2024-02-13;IMP-CRM-2024-02
10152;SUPERM SAO JOSE DIST ME;81904922000125;"AVENIDA IGUACU, 2984 - REBOUCAS - CURITIBA";2024-02-05;IMP-CRM-2024-02
10234;SUPERM IMPERIAL LTDA EPP;41821267000127;"AVENIDA COMENDADOR FRANCO, 3633 - CRISTO REI - CURITIBA";2024-07-08;
10103;PET CENTRAL COM DE ALIMENTOS LTDA EPP;22517195000184;"AVENIDA GETULIO VARGAS, 3861 - JUVEVE - JOINVILLE";2024-01-03;
10044;MERC BELA VISTA COM ME;13631659000198;"AVENIDA IGUACU, 1056 - PORTAO - COLOMBO";2024-03-16;
10242;DROG PARAISO COM LTDA;97034697000234;"RUA CHILE, 2127 - MERCES - MARINGA";2024-05-02;IMP-CRM-2024-05
10251;FARM VALE DO SOL COM LTDA;27078225000206;"RUA DAS FLORES, 3558 - JUVEVE - CASCAVEL";2024-07-27;IMP-CRM-2024-07
10184;DROG VALE DO SOL COM EIRELI;48397648000170;"AVENIDA PARANA, 2460 - REBOUCAS - CURITIBA";2024-04-09;
10054;POUS VITORIA DIST S/A;52725517000141;"AVENIDA SETE DE SETEMBRO, 2276 - JUVEVE - PONTA GROSSA";2024-07-11;IMP-CRM-2024-07
10159;PET CRUZEIRO EIRELI;61103150000115;"AVENIDA COMENDADOR FRANCO, 496 - BACACHERI - CURITIBA";2024-04-04;IMP-CRM-2024-04
10197;CONV ESTRELA LTDA;19411869000157;"RUA ENGENHEIROS REBOUCAS, 845 - MERCES - SAO JOSE DOS PINHAIS";2024-01-14;
10190;REST VITORIA SERVICOS EIRELI;32657302000123;"AVENIDA SETE DE SETEMBRO, 3078 - BATEL - PINHAIS";2024-03-04;
10079;MERC BOQUEIRAO ME;41775226000141;"AVENIDA PARANA, 1667 - BACACHERI - PINHAIS";2024-06-18;
10046;LANCH BOM JESUS COM ME;64942261000103;"RUA EMILIANO PERNETA, 2939 - JUVEVE - CURITIBA";2024-05-27;IMP-CRM-2024-05
10195;SUPERM RECANTO COM DE ALIMENTOS ME;82142708000141;"AVENIDA PARANA, 2099 - BACACHERI - PONTA GROSSA";2024-07-16;IMP-CRM-2024-07
10133;LANCH TARUMA ME;64736494000150;"RUA ENGENHEIROS REBOUCAS, 699 - REBOUCAS - COLOMBO";2024-01-14;IMP-CRM-2024-01
10206;POUS CAMPO LARGO SERVICOS ME;42819629000108;"RUA DAS FLORES, 3335 - BACACHERI - PONTA GROSSA";2024-03-13;IMP-CRM-2024-03
10091;POUS MERCES SERVICOS LTDA EPP;26881113000137;"RUA ENGENHEIROS REBOUCAS, 1076 - JUVEVE - CURITIBA";2024-02-08;
10169;ACOUG ARAUCARIA COM DE ALIMENTOS LTDA;18268929000161;"AVENIDA REPUBLICA ARGENTINA, 2443 - BACACHERI - LONDRINA";2024-08-12;
10192;DROG LITORAL COM LTDA;80680827000122;"RUA MATEUS LEME, 1165 - CENTRO - MARINGA";2024-01-16;
10128;ACOUG CRISTO REI COM LTDA EPP;53993937000171;"RUA JOAO NEGRAO, 1134 - REBOUCAS - PONTA GROSSA";2024-07-11;
10096;BAR LITORAL SERVICOS LTDA;56123566000165;"RUA CHILE, 2932 - BACACHERI - COLOMBO";2024-04-04;IMP-CRM-2024-04
10108;POUS ESTRELA EIRELI;57058126000134;"AVENIDA BRASIL, 1089 - BACACHERI - CURITIBA";2024-05-14;
10037;CONV NOVA ERA DIST S/A;24529971000191;"RUA PADRE ANCHIETA, 795 - CRISTO REI - CASCAVEL";2024-02-14;IMP-CRM-2024-02
10042;LANCH NOVA ERA SERVICOS S/A;;"RUA ENGENHEIROS REBOUCAS, 910 - BOQUEIRAO - PONTA GROSSA";2024-04-19;IMP-CRM-2024-04
10014;SUPERM JUVEVE ME;24194298000186;"RUA XV DE NOVEMBRO, 160 - MERCES - PONTA GROSSA";2024-03-24;
10089;HORTI TARUMA SERVICOS EIRELI;;"RUA ITUPAVA, 1450 - PORTAO - ARAUCARIA";2024-06-06;IMP-CRM-2024-06
10125;LANCH BACACHERI COM LTDA;91009261000128;"AVENIDA PARANA, 132 - BACACHERI - CURITIBA";2024-03-25;IMP-CRM-2024-03
10226;LANCH OURO VERDE S/A;61105905000110;"AVENIDA REPUBLICA ARGENTINA, 441 - CENTRO - COLOMBO";2024-06-21;
10148;LANCH BOM GOSTO COM ME;93432340000172;"RUA ENGENHEIROS REBOUCAS, 166 - PORTAO - ARAUCARIA";2024-02-27;IMP-CRM-2024-02
10171;HORTI IGUACU SERVICOS LTDA EPP;40882152000180;"RUA DESEMBARGADOR WESTPHALEN, 3934 - BACACHERI - LONDRINA";2024-06-17;
10115;MERC BOM GOSTO COM DE ALIMENTOS LTDA;33887765000144;"RUA MARECHAL DEODORO, 1988 - JUVEVE - MARINGA";2024-01-28;IMP-CRM-2024-01
10065;PAD SAO BRAZ LTDA;65144471000119;"RUA DAS FLORES, 2033 - CRISTO REI - CURITIBA";2024-08-18;
10166;FARM PARAISO COM LTDA;28511507000129;"RUA VISCONDE DE GUARAPUAVA, 2826 - BATEL - CURITIBA";2024-03-15;IMP-CRM-2024-03
10130;MERC PINHEIRAL COM DE ALIMENTOS LTDA;30804227000150;"RUA XV DE NOVEMBRO, 1746 - BATEL - ARAUCARIA";2024-07-11;IMP-CRM-2024-07
10088;PET SAO BRAZ LTDA;31487508000190;"RUA MARECHAL DEODORO, 3045 - BOQUEIRAO - SAO JOSE DOS PINHAIS";2024-07-17;IMP-CRM-2024-07
10003;REST CRISTO REI DIST LTDA;79946142000104;"AVENIDA REPUBLICA ARGENTINA, 1927 - MERCES - COLOMBO";2024-07-24;
10245;HORTI ESTRELA COM LTDA;80232850000154;"AVENIDA PARANA, 683 - BOQUEIRAO - CURITIBA";2024-02-02;
10185;DROG PINHEIRAL COM ME;55197583000184;"AVENIDA IGUACU, 2921 - BACACHERI - PONTA GROSSA";2024-07-06;IMP-CRM-2024-07
10021;SUPERM DOIS IRMAOS COM EIRELI;64744955000136;"RUA VISCONDE DE GUARAPUAVA, 2223 - BACACHERI - SAO JOSE DOS PINHAIS";2024-01-16;
10070;SUPERM CENTRAL DIST LTDA;50086978000196;"RUA DAS FLORES, 1315 - JUVEVE - CURITIBA";2024-03-24;
10154;HORTI AGUA VERDE LTDA;25655414000180;"RUA MARECHAL DEODORO, 1845 - REBOUCAS - ARAUCARIA";2024-09-20;IMP-CRM-2024-09
10026;POUS CRISTO REI COM DE ALIMENTOS LTDA;99244820000196;"AVENIDA IGUACU, 3841 - PORTAO - CURITIBA";2024-03-10;
10072;FARM IGUACU S/A;95667813000146;"RUA JOAO NEGRAO, 2157 - REBOUCAS - MARINGA";2024-03-06;IMP-CRM-2024-03
10142;PAD RECANTO SERVICOS S/A;23478997000195;"RUA XV DE NOVEMBRO, 1159 - BATEL - COLOMBO";2024-01-17;
10052;HORTI PINHEIRAL DIST LTDA EPP;13163383000160;"RUA DAS FLORES, 2721 - CENTRO - PONTA GROSSA";2024-03-13;
10225;FARM RIO BRANCO COM DE ALIMENTOS LTDA;56439068000126;"AVENIDA SETE DE SETEMBRO, 2644 - BOQUEIRAO - JOINVILLE";2024-01-13;
10248;REST BOM GOSTO COM LTDA;52534407000100;"AVENIDA SETE DE SETEMBRO, 3646 - JUVEVE - CURITIBA";2024-03-13;
10221;MERC SABOR DA TERRA SERVICOS ME;50012751000104;"RUA MATEUS LEME, 1658 - MERCES - PONTA GROSSA";2024-07-23;IMP-CRM-2024-07
10012;FARM AURORA DIST S/A;41841789000190;"RUA EMILIANO PERNETA, 2521 - BATEL - CURITIBA";2024-07-11;IMP-CRM-2024-07
10218;LANCH SAO BRAZ DIST EIRELI;53028766000140;"RUA EMILIANO PERNETA, 3159 - BOQUEIRAO - PINHAIS";2024-05-09;IMP-CRM-2024-05
10051;HORTI PINHEIRAL DIST LTDA EPP;13163383000160;"RUA DAS FLORES, 2721 - CENTRO - PONTA GROSSA";2024-04-07;
10047;EMP FAMILIA COM ME;;"RUA CHILE, 2182 - JUVEVE - COLOMBO";2024-06-17;IMP-CRM-2024-06
10215;PET REAL LTDA;10870986000104;"AVENIDA GETULIO VARGAS, 1058 - BOQUEIRAO - CURITIBA";2024-06-27;IMP-CRM-2024-06
10211;SUPERM CRUZEIRO COM LTDA;19239274000166;"RUA DESEMBARGADOR WESTPHALEN, 2028 - BATEL - CURITIBA";2024-01-22;IMP-CRM-2024-01
10028;POUS BOM GOSTO LTDA;96205928000181;"RUA CHILE, 2266 - MERCES - COLOMBO";2024-09-08;IMP-CRM-2024-09
10062;SUPERM PAO QUENTE COM ME;47578476000178;"RUA PADRE ANCHIETA, 2563 - REBOUCAS - PINHAIS";2024-05-23;IMP-CRM-2024-05
10126;REST MERCES COM DE ALIMENTOS EIRELI;68890954000150;"AVENIDA SETE DE SETEMBRO, 813 - CRISTO REI - PINHAIS";2024-06-23;
10198;DROG TRES MARIAS COM LTDA;88597912000133;"RUA ITUPAVA, 2470 - AGUA VERDE - CURITIBA";2024-04-24;IMP-CRM-2024-04
10090;FARM SERRA VERDE DIST EIRELI;69300287000171;"AVENIDA GETULIO VARGAS, 731 - REBOUCAS - LONDRINA";2024-05-02;IMP-CRM-2024-05
10050;REST SANTA CLARA DIST LTDA;86555654000105;"RUA VISCONDE DE GUARAPUAVA, 2619 - JUVEVE - CURITIBA";2024-05-06;
10034;FARM RECANTO COM DE ALIMENTOS LTDA EPP;21831067000148;"RUA EMILIANO PERNETA, 2859 - CENTRO - JOINVILLE";2024-02-10;IMP-CRM-2024-02
10018;MERC PORTAO COM DE ALIMENTOS S/A;11475057000163;"AVENIDA IGUACU, 2557 - CENTRO - ARAUCARIA";2024-02-23;
10119;EMP REAL ME;38012442000120;"RUA MATEUS LEME, 2079 - BOQUEIRAO - PINHAIS";2024-04-17;
10241;DROG PARAISO COM LTDA;97034697000153;"RUA DAS FLORES, 2977 - AGUA VERDE - CURITIBA";2024-06-10;
10135;POUS IMPERIAL SERVICOS LTDA;82557553000104;"RUA XV DE NOVEMBRO, 711 - JUVEVE - CURITIBA";2024-06-02;IMP-CRM-2024-06
10017;DROG VITORIA COM DE ALIMENTOS ME;60781731000143;"RUA CHILE, 65 - BACACHERI - LONDRINA";2024-03-18;IMP-CRM-2024-03
10123;PET PINHEIRAL DIST ME;23130381000129;"AVENIDA IGUACU, 3683 - REBOUCAS - CURITIBA";2024-07-26;IMP-CRM-2024-07
10023;LANCH MONTE ALEGRE DIST LTDA;48438457000109;"RUA ENGENHEIROS REBOUCAS, 2304 - JUVEVE - SAO JOSE DOS PINHAIS";2024-09-12;IMP-CRM-2024-09
10235;SUPERM IMPERIAL COM DE ALIMENTOS LTDA;74335212000166;"RUA MARECHAL DEODORO, 2265 - JUVEVE - PONTA GROSSA";2024-03-26;IMP-CRM-2024-03
10247;REST BOM GOSTO COM LTDA;52534407000100;"AVENIDA SETE DE SETEMBRO, 3646 - JUVEVE - CURITIBA";2024-07-21;IMP-CRM-2024-07
