semente;f1_pares;precisao;revocacao;mencoes_erradas;mencoes_ambiguas;cadastros_errados;A_evid;B_evid;A_tok;B_tok;B_resp;amb_sinalizou;amb_errou_sem_aviso
101;0.9908;0.9995;0.9822;1;38;0;0.458;0.970;1663;534;0.945;124/127;0
102;0.9839;0.9825;0.9853;11;26;5;0.454;0.983;1649;510;0.963;119/123;0
103;0.9867;0.9888;0.9846;9;26;4;0.473;0.986;1655;524;0.950;109/115;4
104;0.9934;0.9977;0.9891;4;19;1;0.436;0.985;1627;516;0.975;125/125;0
105;0.9906;0.9916;0.9896;5;18;2;0.504;0.972;1689;511;0.960;95/102;6
106;0.9875;0.9900;0.9851;8;30;2;0.475;0.960;1635;497;0.930;129/136;6
107;0.9897;0.9907;0.9887;6;23;2;0.464;0.990;1634;506;0.968;107/121;8
108;0.9868;0.9840;0.9896;7;20;4;0.454;0.982;1659;464;0.972;118/124;5
109;0.9899;0.9916;0.9883;4;25;2;0.468;0.987;1665;502;0.969;141/146;5
110;0.9886;0.9903;0.9869;5;25;2;0.474;0.993;1665;477;0.953;128/139;9
